Rank,Previous rank,Name,official_school_name,place_id,Type,% at university,% at third-level,Boys,Girls,Students/staff ratio,Telephone,photo_ref1
395,391,"Abbey Community College, Ferrybank, Co Kilkenny",Abbey Community College,ChIJO92hMJDGQkgRnCOrxl_4hYs,M,34.2,75.3,463,375,16.4,051-832930,CmRaAAAAhOUbKob3rUoQf6gfHRHB7FV0AHBqNw9Dh5BU5Xxb4bvj6FBChrkktkOKlUBS9JHje7JwI9Csv4YHK_bDwMMZi4TnSa-WkG8G2AG9TJueQQP8HJimK9US7i7rY7L3RNl1EhA6qG-GtjxpfeqtLaQEkAsuGhRNyaZJXcbyNzOtv67Sh4vokyOjRA
246,246,"The Abbey School, Station Road, Tipperary",Abbey School,ChIJ03NhymWyXEgRXrDLw633-NY,B,44,92.8,412,0,13.8,062-52299,CmRaAAAAlwhu5nIwPI0ALqRD6M4XHX2bxQPzU-7rPEEQM18XBlO-cdmrwfu99HegSDW6VpqEcVcqKS1RcwV5SSQ1xcLVhG8Me1cG5oPoKEyVTkAOy34nQbZB9kx1V63eTrDAwXTLEhC5ODpUKKHR9rMIJZ7384QtGhSUoJsfC0k95Ee8Whkhncv6UK3B1g
332,315,"Abbey Vocational School, Donegal",Abbey Vocational School Donegal Town,ChIJM2gLqzOoX0gRXXGIGbaqi8U,M,38.6,85.6,409,433,,074-9721105,CmRaAAAAio3_m8eMR0MoQPXJitibP5pnYouJd9JIXSOHiCjHKMTBBj8F693dQyRmyke7D85o7EFUznm1IAOVDjPvH3ZFxMVmMciwnmkAsZbpn_MITv25jZj9FpiJMffxtT-qa2THEhAbNG9Ldm3W7Co45_6KvTs3GhQUKRbNq5AgGj6mObIb3ABQXd5rnQ
157,141,"CBS Roscommon, Abbeytown, Roscommon",Abbeytown,ChIJGbnC_bE8XEgRpsiBhhwEnIQ,B,52.4,85.8,348,0,13.5,090-6626496,
16,4,"Alexandra College, Milltown, Dublin 6 (B)",Alexandra College,ChIJDXWDrlMJZ0gR6xv1PeH6JPs,G,77.7,93.8,0,530,22.4,01-4977571,CmRaAAAARdvm_qv0g8z4KmWViiFNzIwyY4blY0VBriKSRXZjWZZBmEg8-JMzj5DSB61rEEMoMAJDfncj1DE8rfJjroR5n6slsoD_fwq78XETDo_-ctMhRdE3gSkkOsTi3cuIZLewEhBIGGHONDH2AC9Z46I-YPwVGhRS6Kh3CjBYFwBfoHhSkKe_Ghq8Cw
368,329,"Ardscoil na mBraithre, Clonmel, Co Tipperary",Ard Scoil na mBraithre,ChIJa2KxRP0xQ0gRiX0OQnvawmc,B,35.8,73.9,706,0,13.9,052-6124459,
226,175,"Ard Scoil na nDeise, Dungarvan, Co Waterford",Ard Scoil na nDeise,ChIJATG3wyYYQ0gRX1O63b4Eu6k,G,45.7,79.6,0,368,15.2,058-41464,CmRaAAAA1tzGxm85G6r15isnEbIoB24atUnH5L7bCY3bqhnrai16BYaU1Uv4KxRjvz7J3E9R2W4n0dD1ToiW0GzQsikJHj_ro2pH1A5ADF4CyOsQ_i-h21Vqx2XpeFfaszD-IqgJEhDhNn45p2lfy6Hh9v3z_8l-GhSvOQ5VHaSEUdL2Jm_LwA3RrmUgCA
24,36,"Ardscoil Ris, Nth Circular Rd, Limerick",Ardscoil Mhuire,ChIJ2_VD1FBoXEgRT7jLSpOX9bs,B,74.7,100,744,0,15.1,061-453828,CmRaAAAADDaWNewbMCfy8EotF-H-C2PcYa1_oNXAYWdyJr11p7MC9ZGsSeUpJhM6bXHZ1mqwbLVQhL3hLEXdB_qhze_wgIN3FXc1dybDAj3-0mNib9VN9cdKdfkAU5ut4gZnJZ8QEhB874l3LBIQWcKtsZgZm_m8GhTHjwgJzK7ufrug8SerlxWqrqIdQg
314,250,"Ardscoil Mhuire, Corbally, Limerick",Ardscoil Mhuire,ChIJb3DZS0BcW0gRVqfSyHg8Fqc,G,39.6,69.1,0,459,15,061-349014,
312,,"Ardscoil na Trionoide, Athy, Co Kildare",Ardscoil na Trionoide,ChIJCWRtZ_JvXUgRdsLPm1Z2vHk,M,39.6,72.5,417,414,16,059-8633151,
158,138,"Ardscoil Ris, Griffith Ave, Dublin 9",Ardscoil Rís Secondary School,ChIJBStN008OZ0gRvZYZRX2aIFQ,B,52.3,93.1,526,0,15.9,01-8332633,CmRaAAAA55qydHxxZ_5sNtQ89B56Zw90LuYx65RCK56ZlK7QiReU9d1lBVDkBsfITV4PwuZqAygFoTwnQTBYX8ITYJftueawXaLvd-3P8fq5kzG39zlGIcVnqQ5XUauJtYsVq9ChEhAxNqTNov3pnQhvbYkD2WTpGhQrdW-XTpBH2qLR2YXVfZw8duX67A
362,139,"Gairmscoil Mhic Diarmada, Arainn Mhor, Co Donegal",Arranmore,ChIJc4c6o5dvX0gRfypB0_z_FQ0,M,36.1,83.9,52,53,,074-9520747,CmRaAAAAGgP9zND0_SgmlxFq7wNTrSEjZLr71gzFr0646bVQRQTXl1O8CEKgQR_oluwW2qZovvW1StQdU8yZsrgfrGNjZj_cRSLwKKIl_BmWJQlimn9_0e9ixeiBq6x1j7c-S3VeEhDZlJv5FEIZFoO1k-5dyofHGhRXHJ-x3qe9T0pfob1ZWSrBNG-qoA
240,290,"Ashbourne Community School, Deerpark, Co Meath",Ashbourne Community School,ChIJNSUMYeoUZ0gRkX5jxqKNOaA,M,44.7,85.1,600,472,14.8,01-8353066,
94,98,"Ashton School, Blackrock Rd, Cork",Ashton Comprehensive School,ChIJq60xs7aaREgRsS6Qx-q1QRY,M,60.7,93.1,282,244,14.3,021-4966044,CmRaAAAAUisgfqHzCJ_8TNXwWQsXyeqIt-rnq7Do3DRdAEU5ml4_2YXh6Z5LFhaFVgQ8zffYGj0g8_88NJ8mg4Mhlk3uo2OsdtcKpgribTgTzInKaxfsMe4KBnA_CpKzS7r3SXQdEhDySFRmY2Az80PqafmYiqI4GhS3re7-1hw7fSrFX419H-2q-bJT2Q
284,368,"Athlone Community College, Retreat Rd, Co Westmeath",Athlone Community College,ChIJy2BX7QxJXEgR0GlNL7tKrBc,M,41.2,88.4,594,524,,090-6472625,
274,272,"Balia Secondary School, Balia, Co Mayo",Balla Secondary School,ChIJex5iWNlaWUgR0aKBSlnp3vY,M,42.1,89.5,154,107,12.5,094-9365082,CmRaAAAAlLg_h0CyZ5kxdzFcZfyaPz5bfmj6bjdj_29nGqv90Bnf0IZG61rkFGjfrmdvIQ0RGTToacn9mzHXuWM1Kp6NU3ecWDyZ1k0b3Uuh_sVDppiKWwHxryg18C5W1vnyLBbpEhAhAErRHQPqFrYAkmT-CTjkGhTnKBTTN73OY5HNv0Cvt7D2dzQBDQ
204,251,"Ballincollig Community School, Ballincollig, Co Cork",Ballincollig Community School,ChIJzQ08hm6SREgR1vo78rhSJ7Q,M,47.8,82.6,405,386,14.7,021-4871740,CmRaAAAAZ_y0bel44Ya5cOg7z4SecK5CZeosoNND3QTTZzARzciRxKIuiHzPqqkkW2wfuMWWvatt7RcDugObKVpzcUHoMi3aU6-CDqQsmLIC1eHN_qbxbDvGIrfw4DP7sf8gBimOEhApsOVnpsAo94hAQwXuzXAoGhQkjZL_zB6um-PfwpHnSvQ7jAHjFg
276,313,"Ballinrobe Community School, Ballinrobe, Co Mayo",Ballinrobe Community School,ChIJvQBMPD7nW0gRq4sHCAsoGso,M,42.1,70.5,311,318,14.5,094-9541777,CmRaAAAABuVPcID1sUzDOkrwoe-o0PSLTRPd91w_3j5V8P7rf3WgeLlFJgvDFCTvZ9ETh8w6TzEWCLGdNRiRE9q2q05H1WLyBTU23H1yDKuJI01kCmo-g_WykTt6Zhdg4eslMvlNEhD09dXO6mlrF3RX8IbxhT1hGhTiNYlGne6i762bDiaaJF2ISI0ABA
343,,"Ballyhaunis Community School, Ballyhaunis, Co Mayo",Ballyhaunis Community School,ChIJJ9nOTJ6qXkgR-N-l5Lze62M,M,37.8,73.8,257,282,13.8,094-9630235,
316,350,"Colaiste Na Sionna, Banagher, Co Offaly",Banagher College - Coláiste na Sionna,ChIJi7ip2QpZXEgRr1jrNFKKZ0w,M,39.4,81.8,274,262,,057-9151323,CmRaAAAAYNXMOJ8btVtneU4wCn1zLA0dD6QnLkBERSuk0cXFJaODiqcYzlE3nwUbBfBgoE41NR_Ry1yyRbMHKThbzqsviT9Cs46_4hiT0HPBfTXMgaZnJFDc7rOKg6jwsHS6u_i_EhBzeGTlrNaMR2pO9sit6K9qGhTMFiHrByoXJVOtYJdvo6Zvc7GQqQ
229,207,"Bandon Grammar School, Bandon, Co Cork (B)",Bandon Grammar School,ChIJ6Vm4FS70REgRphK181IGUmM,M,45.6,69.1,358,302,17.4,023-8841713,CmRaAAAAcgE5a39TRCR8a_3gt_4XZGRLK9WWd6EHGBInThfO37xGHK3zuxT9QrxcMjxWSS76juey533za4pNsi46SIkTAisfl0RJEI8ANYGxEBTBivrbiSy6wxbOkwHXrYw-JNJ6EhBNyjs36bpAuulpmDcLSW0ZGhQfRDzNeLNAfeCt74kj-6BQuetazg
342,304,"Beara Community School, Beara, Co Cork",Beara Community School,ChIJM0LpiEx-RUgRJMwY5MahMsY,M,37.8,79,178,149,11.4,027-70177,
15,23,"Belvedere College, Great Denmark St, Dublin 1",Belvedere College SJ,ChIJTcaPW4cOZ0gRVgqU3H63398,B,78.7,98.1,1011,0,19.6,01-8586600,CmRaAAAAoVbsayb6bD38SaLfSZ6KTMEawufZiGcgLQvvtZm5APt1eDvsAxACjXQRpsmZvjigowkxoYIU5I4ajmUPbeQ5Rx6XbnVSPHL9M4ofZg4uAfzEsssJDfFIbk4SHdL9sSj2EhDg6ooa4YtP9ghjl3JjyElPGhS2DAM9Fmq7qLsu9MSTzbNf-r8zwQ
21,26,"Blackrock College, Blackrock, Co Dublin (B)",Blackrock College,ChIJUVrVbdAIZ0gRC3qozmRomPQ,B,76.5,100,1014,0,19.5,01-2888681,CmRaAAAAO4Dd0_GbzpPLpJL2RMszal_bvDJ7N9MJLhJ8Ox7LOgLrEwcuuXUpQ4EhuAYNkWn3hGgXpc7_0YVLhuPDZuVShaXgERJXVsahjLSCyiQIzCnZuCdMNRUBWeT1Mw81SOTvEhDmMbAqAzW0zaJlHm0b22-LGhQz5WaDj-799Yyl5uui3JrYK-N9Gg
322,303,"Blackwater Community School, Lismore, Co Waterford",Blackwater Community School,ChIJ_8SqWKBBQ0gRL8971dOCWsU,M,39.2,75.7,391,393,14.3,058-53620,CmRaAAAAmuMZsntm6Y0egBj09xGcGYuZlGRZNT4qtY59XwCHUQRhpi8o0gRdjI-0cVaJTPFnLUQsjUfZ4KHQph4kkzNntiGqvrl03zvXnKUjLP0Wj8DVmduIfY4pPWCnczmhKaUzEhBUVEeB1uITMx1MEAUXXaXhGhRaHZY1b7z9B0LoEHV16nhbNJ83OA
217,194,"Boherbue Comprehensive School, Mallow, Co Cork",Boherbue Comprehensive School,ChIJL6Zg30LaREgRtlrLkLZaKGA,M,46.6,80.4,150,171,12.7,029-76032,
366,369,"Borris Vocational School Borris, Co Carlow",Borris Vocational School,ChIJKUW6qWNOXUgRpBR759kEqi4,M,35.9,74.7,273,238,,059-9773155,CmRaAAAA73WUmZRpEJrWfV4CSV4zVcOofsvlkAlTCAt9c4fx536UqU1WQ_reO0-mmelli0eeYsM5otco9TceTzULkXmapBz2NL4QzX-cbLquAugzpy2q7_5WZ-NhKGhwevbMuo6cEhBrrx6q_gfrClEdXyeDbWyWGhQWmmgmIXuJcKX0pL91QFlI1OgygA
259,287,"Borrisokane Community College, Borrisokane, Co Tipperary",Borrisokane Community College,ChIJP1zJ-sSMXEgRMaF-Jnd2ltk,M,43.1,77.5,306,282,,067-27268,
294,331,"Boyne Community School, Trim, Co Meath",Boyne Community School,ChIJxZz1rgReZ0gR6fX9KlivnSg,M,40.7,71,601,144,12.5,046-9481654,CmRaAAAA5dbDa_BsWTCThRQQDdwIhOoGyEJeiaj9J5sSnvZzxe6qO3fR7nIO6Js1_8K0I2jdQSvWRR7ImHfmz5Bg8OPfy_UPD8WbfaMvsTl7VcVmpyLQXmSxDvEhW78bZXIBXZl_EhCh7w-jIqklPetq3Wpp57wwGhQcbGmufBRvqjpk2CMYCHwuCbP6jg
130,108,"St Louis Secondary School, Carrickmacross, Co Monaghan",Bun Scoil Louis Naofa,ChIJoxlN_y-yYEgRWImE009Nf9s,G,55.4,88.5,0,589,15.6,042-9661587,
99,125,"Calasanctius College, Oranmore, Co Galway",Calasanctius College,ChIJbfOiX0qQW0gR9zEHUF-GRFw,M,60.2,93.5,438,412,15,091-794564,CmRaAAAAt5-bsa82-BwaWpZ0-n64SQVkCFqnPfG_HIN5anRMjakAKHR-q9m6hLfzWTNq7_0rcQNPYbYqA7YAveniSaLr374K-0PgfKr5qDVw7XCoWQK8Bh3QGVHJ6X3wsUokAK_8EhCEeo5OenUNlhmHUSu7nY5-GhTT2oqcc2frpjKSLGTqPcnZ--NOwQ
267,233,"Carrick Vocational School, Carrick, Co Donegal",Carrick Vocational School,ChIJXynn6FI9X0gRJpaDWjEeIIc,M,42.5,89.6,129,98,,074-9739071,
311,318,"Community School, Carrick-on-Shannon, Co Leitrim",Carrick-On-Shannon Community School,ChIJL23nArKFXkgRkd7f4pJXnbY,M,39.6,74.2,308,305,15,071-9620880,
278,240,"Carrigaline Community School, Carrigaline, Co Cork",Carrigaline Community School,ChIJc5ycxsqFREgRQNjCQDXFlGw,M,42,81.8,572,580,15.1,021-4372300,
302,,"Carrigallen Vocational School, Carrigallen, Co Leitrim",Carrigallen Vocational School,ChIJV73Vu1ZwXkgRTlKPyDCW9IM,M,40.1,73.5,169,135,,049-4339640,
82,71,"Rockwell College, Cashel, Co Tipperary (B)",Cashel,ChIJZ-UjDOjLXEgRwOkxl6nHAAo,M,61.6,87,356,121,18.2,062-61444,CmRaAAAA1GXcppEinwdAt1lzMl06NcP9zu1d1N5vGkH7dnBGG_T6bArIENFOoyROTqGG7t22eILIO8TsF1DKthPdbPYyPhybEMyyYBCFKYBGt5gPNjTwTlAe1WazahVAe7xnwk_dEhDAQMFwT3shE87YDyvwwuOvGhQQkWhTY4IvY6RbCBc9tBsZYftapA
331,394,"Cashel Community School, Cashel, Co Tipperary",Cashel Community School,ChIJxSHRttzLXEgRZoKNwElWdbs,M,38.7,69.4,434,393,14.6,062-61167,
391,360,"Castlecomer Community School, Castlecomer, Co Kilkenny",Castlecomer Community School,ChIJBwv9vzc-XUgR5smoVCN1Ois,M,34.6,67.9,287,278,13,056-4441447,CmRaAAAAJqKemKZ4Av1E6aem8bKVL3lnTO0WTrQiiv0yu-jtfRZDiGACy2yCWvx685rMmyIzDpYAvy-wrNmn2NiVtNq6SLWHGBfZHuzWcmRcXIE73u4lfSPDM6iN2z9m1fb-61_DEhAHClIarJRoCC3W53UG8kH1GhSApQW4BhKI7PSmkV5sDo-47NvZQw
347,356,"Castleisland Community College, Castleisland, Co Kerry",Castleisland Community College,ChIJWVrwyRouRUgRV8HrJnGRX08,M,37.5,78.5,129,102,,066-7141196,CmRaAAAAnXqJT5bb0-EJEuB12-G59addSecVXaJNssZ-V0zzQhTfGVRM51tDrhndRKHb6KvA9eF_u7kkWEXgFkskfYp-rH0TvH1_ixlSW1QY4DGZmRXNGpqZQk-NqA2MAVCdyWJwEhDhNSnbOVwTiW-9YBganfX9GhTzd38zfV0Shy0iqRjjI1nvkqXX2A
12,10,"Castleknock College, Castleknock, Dublin 15",Castleknock College,ChIJmRJw4zgNZ0gRMDnnNkBFwjw,B,80.8,98.3,644,0,19.5,01-8213051,CmRaAAAA-ru_dAMFkhq2DZfOtBDFAczsEJ_AnQ25H2TrQoovRhEQqnnqd1sr3_zBQfYl8Hylyevc2Fdf7RrmK9_2LaLAQDNpcfQXmBuKnvv85S3yFMXE7IKuHnMiqOkbpdTYGloREhAJax5YMVDO6kcbDA5HxgCaGhRm4rg4zHlWrAlR66GrfTFn8klaxQ
103,109,"Castleknock Community College, Castleknock, Dublin 15",Castleknock Community College,ChIJn_EUeLVyZ0gRBBEWEEzEnLU,M,59.4,92.4,551,604,,01-8221626,CmRaAAAAu9iYz_YAeacxLmw6SkTOG2pL1UaBo3zuY0MuDe44jTVWzN_5XkISO4SfQ-eLDSILbCSCLWHzS_fD2ARGkHD4Av_tY4wIFJ5V5ESoBaS9sBjBfFE11pJA-IdZWxYAjrE0EhAhh7grok9drEhPvaz5gr08GhSb1HdNJn6-4UZ4QSC8qajkWzYrUg
64,42,"Castletroy College, Newtown, Co Limerick",Castletroy College,ChIJ3eSNRcteW0gR3CMiFQmYyHk,M,64.3,91.2,628,592,,061-330785,
37,30,"Catholic University School, Lwr Leeson St, Dublin 2",Catholic University School,ChIJt9cchZgOZ0gRwW78_VEIEXw,B,69.1,100,469,0,19.8,01-6762586,CmRaAAAA35g_Uo63kdmc7RJQHpczV27EL4Gh-4IuarsZkxL4j42Ch0Ee-nMcMMDNlivKJgBiHFweov3E3Y9HWGwf690eX1gfyuG1OFIot8yxl3uc23ooJ9tPK1WVBEDUmyfTdhLLEhAGn3nXYpZRd8FPLw59DRMvGhSlG3y8lEIN6m1N8x9IgOD_L7UZSg
133,193,"CBS, Mitchelstown, Co Cork",CBS Mitchelstown,ChIJq3SICBNXQ0gRI-OtTrTFDWI,B,55.3,88.4,310,0,11.3,025-24104,
102,88,"Meanscoil Na mBraithre, Ennistymon, Co Clare","CBS Secondary School, Ennistymon",ChIJF-4VLnYGW0gR8I7iv139Lus,B,59.5,89.7,221,0,13.9,065-7071349,
135,99,"Christ King Girls’ Secondary School, South Douglas Rd, Cork",Christ King Girls Secondary School,ChIJ2YB9S_yPREgRIStAVE5_fdM,G,55.2,80.8,0,903,14.7,021-4961448,
8,14,"Christian Brothers College, Sidney Hill, Cork",Christian Brother’s College Cork,ChIJ48s9NwyQREgR5D2yJD2iYa4,B,83.4,100,903,0,19.1,021-4501653,CmRaAAAAY3EWJ38DhU9v6OgOFU_qlwws-sfSijk9d9NdPjL6-HGkEQ5_XqPTWZio42KN4z_HmM4cVd2NymKxVP8-fRgcBX1uYetQcvx2-aHJ3SqmHcRaRi0q6pGTBK5-Y_RULEJyEhD5XHgP6qJ5vbV_1lL80EulGhTg5oMOI1calqOda281NaxWZNY_ug
71,66,"CBC, Monkstown, Co Dublin",Christian Brothers College,ChIJY6fZmSMGZ0gR8VaouhFwSXo,B,63.2,97.4,450,0,18.9,01-2805854,CmRaAAAArM9-p-rcRud1VrhaZOwlKoadC9JDvdI-gLzD2E2YENNEUtg_Ia08PkoXW2YgDeRqKPSK_Qf80kQysk3lL8ObjO_XpVVBTkenRHlAlaozbLV2-T1uFA07QxRIQgVk_rqREhBQGi70eWnYMtNY9XBMgEeAGhTeG-fLVlOiWXrvrna12eU7XEXtOg
299,241,"CBS, Midleton, Co Cork",Christian Brothers Secondary School,ChIJpbnsMtN8Q0gRzEuRJ5BaMsM,B,40.4,77.7,695,,15.6,021-4631555,CmRaAAAAZH9KoQQNGOaELIwqmV5I4JdLRAsWPH0OlssgGFxZXSa6v3TrVXD9LNsqL3QTNSnlexJoF9p0r-PCC1n-X6ep1tlcOjBxQtB_-nqZ02vzuE8_wDWbJ4siB-XC3adLB1lBEhC6SwI7421iHOMsNseV_aFUGhSsBeM06g5oC98f5QotTTAgftU2zg
330,296,"CBS Thurles, O’Donovan St, Co Tipperary",Christian Brothers Secondary School,ChIJNTHQZcDEXEgR2OWQAC2pL5o,B,38.7,74.7,700,0,15.4,0504-22054,CmRaAAAAZH9KoQQNGOaELIwqmV5I4JdLRAsWPH0OlssgGFxZXSa6v3TrVXD9LNsqL3QTNSnlexJoF9p0r-PCC1n-X6ep1tlcOjBxQtB_-nqZ02vzuE8_wDWbJ4siB-XC3adLB1lBEhC6SwI7421iHOMsNseV_aFUGhSsBeM06g5oC98f5QotTTAgftU2zg
17,16,"Cistercian College, Roscrea, Co Tipperary (B)",Cistercian College Roscrea,ChIJ9T4Xc7L6XEgR3qYttKMbmtI,B,77.3,98.1,173,0,16.1,0505-23344,CmRaAAAAMKPDIQvRSurVjecyRpL4DB7goa_FXjiakoHoTkDfarCgOee7yqLqUg9zOvNCDK4Lc7VC5HkgCpmECNsIFYr4tMojaNcu0bpURoQ06YNF1gjYjm6fcyDhZ2OopPlPy5xbEhB0lZkHJqVCNKMHyDlEd921GhSgy1PFBsj5oMJUcTsg12pNlrRT9Q
319,239,"Clifden Community School, Clifden, Co Galway",Clifden Community School,ChIJQTJviVo7WkgRX9ilNUMrFDU,M,39.3,72.8,220,181,12.7,095-21184,
261,231,"*Clonakilty Community College, Clonakilty, Co Cork",Clonakilty Community College,ChIJR0et1udWREgRm2TWVxj4D0U,M,42.8,86.4,488,40,,023-8833877,
33,22,"Clongowes Wood College, Clane, Co Kildare (B)",Clongowes Wood College SJ,ChIJgSsqWRh5Z0gRpFH3-vFw4Q4,B,71.3,100,434,0,19.6,045-868202,CmRaAAAAVXYnBN4y4x3oaF6wU4kCXLPXOhYs0ms71bcq0NvGLFjFmTJfbcyJMniL6yCrx9ZPgPISpsKRgf6LBr0ybzytRu-efDiQXYHESTrndBX5m-AQiBeEpqwlMws5eDj8dSn-EhA89psaKibalHkTc2-d1rRhGhRZv_o-sUQY2F8zL-beBfcVWK_A7w
400,,"Cnoc Mhuire, Granard, Co Longford",Cnoc Mhuire Secondary School,ChIJuQA6p5beXUgROx8ON_ha3mE,M,33.8,67.5,221,239,16,043-6686231,
350,309,"Coachford College, Coachford, Co Cork",Coachford College,ChIJYckCCynsREgRkxik-QPvyvo,M,37.3,80.2,329,285,,021-7334113,CmRaAAAApp4T4_otXWwA7zxa8-g0JTu83EzTDM4XKDSGR8gBU6UfVPKislJsPYxq4csuDihnON88GZGvfKX9v3k4yWYiZIOCpzSBxbpGO0XboaGCW4kj6cHNGYkPdCDakjgsgSzNEhDTARne6VuJBYYo1VGuQ8-XGhQ_au7HHSaaI0j8qpponwa3Y9cM1g
127,33,"Colaiste Ailigh, Letterkenny, Co Donegal",Colaiste Ailigh,ChIJbzwbn0jrX0gRoDqzZOQTdDI,M,55.6,82.9,131,141,,074-9125943,
140,358,"Colaiste an Eachreidh, Athenry, Co Galway",Coláiste an Eachréidh,ChIJ8brukBaJW0gRyAEIiYw-ANQ,M,54.1,73.5,94,84,,091-874590,
26,17,"Colaiste An Phiarsaigh, Glanmire, Co Cork (B)",Coláiste an Phiarsaigh,ChIJY0rVWBmbREgRsQtdmJHny3w,M,73.7,99,264,286,15.4,021-4821955,
84,53,"Colaiste an Spioraid Naoimh, Bishopstown, Cork",Coláiste an Spioraid Naoimh,ChIJ9f4d2CmOREgR-jvVpdLinTo,B,61.5,95.9,708,0,15.2,021-4543790,
325,352,"Colaiste Bhride, Carnew, Co Wicklow",Coláiste Bhríde,ChIJ3a-RaGTwZ0gRc_4LGap7TIA,M,38.9,79.1,402,424,,055-26318,CmRaAAAAaY4X5hfgpUQ49i5Hf1lnPQD0LiNbS7KJIh_30wnfzqofZ5TtDSXRmePheYmfEZNosVisrUKKEonIune-BsZUxt3bIOf9Ca4Wv0akxOKzAc2kHRPS_GiLCLtkVIRfzMQCEhAzCzeX9qgIDxL71AMXiYNcGhT_suCviytHKnqv6ZbgkkMFvsENbw
288,357,"Colaiste Bride, Enniscorthy, Co Wexford","Coláiste Bríde, Enniscorthy",ChIJp8I9dY0AaEgRbGeWqnWlz34,G,41,74.5,0,668,15,054-34245,CmRaAAAA5SN9L1V7lDom0ZCKPIJowkyMY7SNdvcmMYo8fRs_rVy_w4EtrJQVyKYP0d7c4rPSUEtXP92PYuQoCnNWlzDUT9hAx6KL2s9xGse1G5xZgTOcorKEnvAIRSqdqaD7cOoYEhA_d8YlxB60jNFXAqVm0L26GhSoBa2VXwESDQyzum2nS0yr248-7A
227,275,"Colaiste Chiarain, Croom, Co Limerick",Coláiste Chiaráin,ChIJI7V3BwZPW0gRj7i5GNOrH-c,M,45.7,74.4,364,414,,061-397700,
205,254,"Colaiste Chilliain, Clondalkin, Dublin 22",Coláiste Chilliain,ChIJcZe3wUFzZ0gR-MlkjgAeTP0,M,47.6,79.8,203,190,,01-4574888,CmRaAAAAgyYwfwigIJzghWGFvkQ4n6WOo6joat5xjrcbzOt5L3x7W2-mdKOLIpG0NW04YIphgcmMWtXa5y99NuNQmDbntK17CTwgVwOx1FiN8d8oCeeulyvM_n8fDPC6KQa-yQQ6EhBPo9Mj337RijyZlNnM0_3cGhQA71_Avl1AwFUMTWXb2yvVPcxPoQ
92,74,"*Colaiste Choilm, Ballincollig, Co Cork",Colaiste Choilm,ChIJvzR5oHKSREgRpkwEt-UtHYI,M,60.8,93.3,686,697,,021-4873308,CmRaAAAAWpXoh3AlEkqd6oWq0CjzhTI8V267R8uPudttHYL3b7ehY8BFQp5ck7wd49E2KCrJQj-Pmy2_fXaGWBoWkTV-a3glCVACFVpjxvSxGDeXDKyJWvqbdMANT8z246HgLKgOEhAp7SBQn03j62J-bb-3Q4o1GhS3NBiZQCCcb7MrbM0LYXHrK27nTg
338,321,"Colaiste Choilm, Tullamore, Co Offaly",Coláiste Choilm,ChIJUWfgx46lXUgR_-vnbJUlvsI,B,38.4,74.7,618,0,14.5,0506-51756,CmRaAAAA9PQPucvtmRDPdE7zwAZ9Zkkc5r2sD0yBSld1CxXs49GRvvjzuNyFJ7dg5sj-M4jo-Yn50dHBURH5-uNetxSeKI7YYQtG6wz5lj_H7em_AAaZ66uaBcrgyeJOIwQvS9DkEhALnKavJcfwt7HmBKiLGQeMGhS_0P1Olg2AvlmF4t_SjkYWqxvlUg
159,263,"Colaiste Cholmain, Claremorris, Co Mayo",Colaiste Cholmain,ChIJI7jtUHb9W0gRN2eWK7mt670,B,52.2,89.1,410,0,14.9,094-9371442,
216,143,"Colaiste Cholmcille, Inverin, Co Galway (G)",Coláiste Cholmcille,ChIJNcxLfPGwW0gRnBg8NnsAZX8,M,47.1,65.7,127,105,,091-593119,
381,,"Colaiste Chriost Ri, Capwell Rd, Cork",Colaiste Chriost Ri,ChIJ6exE8wKQREgRt6SP8REj7Z4,B,35,74.8,642,0,15.2,021-4274904,CmRaAAAAuUCIrsXBn25C8PZ0_6TCyPBtK5HlJOdDi1iYJgHCDA02unf69hBkd9ZDL8s5cngehu-122wf-JV4Ye1kjAc0_HuJDDYtYChEik8_8jDTNHw-vk-TxqCcXmZ_AtAUceLpEhDs5HsmvWt5IlLbkfabXofIGhSnBe2Nbl1mH-eSxgreqpLNiQIaYQ
63,60,"Colaiste Chroi Mhuire, Spiddal, Co Galway (G)",Coláiste Chroí Mhuire,ChIJda1041e6W0gRX_CbB_FttHc,M,64.3,97.5,91,85,10.3,091-553113,
40,25,"Colaiste Cois Life, Lucan, Co Dublin",Coláiste Cois Life,ChIJnW4AqP9yZ0gR8XmCOP4oPSc,M,68.9,86,353,379,,01-6211825,
143,145,"Colaiste Daibheid, An t-Ardan Theas, Cork",Coláiste Daibhéid,ChIJM6uq4ASQREgRGiZEIgOrOEQ,M,53.6,84.3,104,102,,021-4917733,
364,382,"Colaiste Eanna CBS, Ballyroan, Dublin 16",Coláiste Éanna,ChIJX6wDLaMLZ0gRnFOe7dq6A7A,B,36,81.3,612,0,14.9,01-4931767,
169,142,"Colaiste Einde, Threadneedle Rd, Galway",Coláiste Éinde - St. Enda’s College,ChIJ9SqB20uWW0gRm6thYvK0pQ0,M,51.4,86.5,465,295,13.6,091-521407,CmRaAAAAwa3Q0sKQTNbxKtlW-yDdNMhv4MLzs5e7D4UCX03Tn-0D2ZjF5h4RTucIEWr3dZLN2S46qMLX1MzUrPyLNe2CkKFwrHauiOjp9jn9h-Mpn-tfVbBKlkYUv4NEKgApGjVoEhDXuMqs76rYoURe9JKNL8F8GhQiydzYBFWLdTOO7RYcHXP7w2itRQ
18,18,"Colaiste Eoin, Booterstown, Co Dublin",Coláiste Eoin,ChIJx9laoCcJZ0gRkeo4u0kos3s,B,77.1,99.5,496,0,15.7,01-2884002,CmRaAAAAQz-j4YCfULrEWBQDqpD7szgVMd_1EOyLv69Do59yv74iGbGqEx4t3iEe2kv2zhFqn3_M5SpmAvMD4g7ONsW-xz4a33msg2DK9kFRLBR6BL1EorBFeAPg3VoYlzX-YMTVEhCu0xixWBrnh_Pd0y8PlETlGhR422B3uMy5-RCQZ6wq2AOLar01UQ
53,180,"Colaiste Ghobnait, Inis Oirr, Aran Islands, Co Galway",Coláiste Ghobnait,ChIJM4ejgC2rW0gRyuAjU3Q9_IE,M,66.7,93.8,15,13,,099-75016,
151,85,"Colaiste Ghobnatan, Ballymakeera, Co Cork (G)",Coláiste Ghobnatan,ChIJPWX3ThgeRUgRIb4R_CYWtIU,M,52.9,82.6,116,94,,026-45058,CmRaAAAAkcKfOZwqjLtgYZjBP0fvJX0Gft7FlVotcrk23YD2Md9_KpMaNChnWJMNNx9eLTLFT91gYTVKVSkSRmq9Rhr23cYk9to_taxsUcVc34DavltYfVH39SuZCVEGTUX8g7CwEhCxdul8R7b4IuqTtBDWxK0_GhTaj5G49HBkarTq-jpBAtW_mZH-6A
11,11,"Colaiste Ide, Dingle, Co Kerry (G) (B)",Coláiste Íde,ChIJs1n3egH7T0gR2witLV4NoMg,G,82.6,93.1,0,131,11.4,066-9151211,
305,320,"Colaiste Ide agus losef, Abbeyfeale, Co Limerick",Colaiste Ide agus Iosef,ChIJtepyPIfVWkgRPW6Tu2cq8iQ,M,39.9,75.7,349,337,,068-30631,
22,20,"*Colaiste lognaid SJ, Sea Rd( Galway",Coláiste Iognáid (The Jes),ChIJNbbAEvmWW0gRT0Xift2Pv2Y,M,76.5,98.7,339,292,14.3,091-501550,CmRaAAAAbHTXCQpLtu6DpPE5ssEPGBieAw9AbsOa2XM8A2dNRYyCVAdgxpSQkpv9SzJAYJIeLP62gdW0ouIrR1pxyvs3v9wWUNDU-Sph_m33lbpYLjJeQZgPj0_rjpzkueDp2ca6EhCpdwV8qbXOAVY1XujAKyoyGhR3K9FmuEs77Ilu6l6S0H7bMeWdBw
323,367,"Colaiste losaef, Kilmallock, Co Limerick",Coláiste Iósaef Community College,ChIJTfbud8ZSW0gRKfCKF__FxUU,M,39.2,65.6,245,192,,063-98275,
399,398,"Colaiste losagain, Portarlington, Co Laois",Colaiste Iosagain,ChIJR3rpQm91XUgRrGUYBb1lG6E,M,34,63.7,488,481,16.7,0502-23407,CmRaAAAAofJAItTKtBzvnbUixf6T-j1jda_44pY3SX_UmJYz1r8g1uEM3pwuZWb-wR8LqhoYOM2dbH-kKIsZxbuk5T-P6w8MIAt9s13YnxNYv4-QNZCJUhLN4--3Em4KIcutKdXwEhD6hy4krafVuZ4Ozvulg-N8GhTVJrJ3QNMyUiqEKEV-NO6i1W2AmQ
5,7,"Colaiste losagain, Booterstown, Co Dublin",Coláiste Íosagáin,ChIJG2ofdycJZ0gRFYp4DijeIr8,G,85.1,100,0,496,15.8,01-2884028,
249,220,"Colaiste Mhuire, Askeaton, Co Limerick",Colaiste Mhuire,ChIJD7SHLiI5W0gRLPbw3eePP8E,M,43.9,78.6,215,212,,061-392368,CmRaAAAAovVymJvJbJXUpbzCD0dLIHuUe9jvg8rCo0drT4GRjvS-nM5GOe64VBV2NxqgRoqJfsSPizi_bSO9zrOpbBD4mJu3ntotK_rEnFdZjufYckq3jXLOX7m-jMVchxfolSt3EhDe6RvD-KfWE4nO-IjWI-ZAGhS5mXRuL6odz7HaaqXG3yC2_JrVWA
275,374,"Colaiste Mhuire, Johnstown, Co Kilkenny",Colaiste Mhuire,ChIJIb004pIgXUgRIWBKTbexTh4,M,42.1,84.3,285,224,,056-8831135,CmRaAAAAovVymJvJbJXUpbzCD0dLIHuUe9jvg8rCo0drT4GRjvS-nM5GOe64VBV2NxqgRoqJfsSPizi_bSO9zrOpbBD4mJu3ntotK_rEnFdZjufYckq3jXLOX7m-jMVchxfolSt3EhDe6RvD-KfWE4nO-IjWI-ZAGhS5mXRuL6odz7HaaqXG3yC2_JrVWA
308,261,"Colaiste Mhuire, Ballygar, Co Galway",Colaiste Mhuire,ChIJBetGrjIUXEgRpjZxkhcxX7k,M,39.7,85.8,110,103,10.7,090-6624740,CmRaAAAAovVymJvJbJXUpbzCD0dLIHuUe9jvg8rCo0drT4GRjvS-nM5GOe64VBV2NxqgRoqJfsSPizi_bSO9zrOpbBD4mJu3ntotK_rEnFdZjufYckq3jXLOX7m-jMVchxfolSt3EhDe6RvD-KfWE4nO-IjWI-ZAGhS5mXRuL6odz7HaaqXG3yC2_JrVWA
386,396,"Colaiste Mhuire, Mullingar, Co Westmeath",Coláiste Mhuire,ChIJqaYY5BvAXUgRGHF4P7plvMw,M,34.9,59.6,698,20,16,044-44743,
86,76,"Colaiste Muire, Ennis, Co Clare",Colaiste Muire,ChIJN2CxzDJtW0gRs8iY5vyknOY,G,61.5,88.5,0,927,16.4,065-6829497,
367,397,"Colaiste Muire, Ballymote, Co Sligo",Colaiste Muire,ChIJCR9EdgO_XkgRnBxpJcho8Mg,M,35.9,70.2,112,138,13.8,071-9183086,
224,165,"Colaiste Mhuire, Tourmakeady, Co Mayo (G)",Coláiste Muire,ChIJ3dKOTN3eW0gRd7IrtvAfaXU,M,45.9,84.1,88,100,13.1,094-9544107,
194,286,"Colaiste Muire, Crosshaven, Co Cork",Colaiste Muire Crosshaven,ChIJV8ba-kSBREgRiTj4UH24UF8,M,48.8,85.7,227,323,13.9,021-4831604,
384,243,"Gairmscoil na bPiarsach, Rosmuc, Co Galway (G)",Coláiste na bPiarsach,ChIJ_c21clG1W0gRNDij4PFd_Lw,M,35,64,40,43,,091-574100,CmRaAAAAdf3ptr8Do6pUBNmjLym4jxAOli2d3uGzj8Ln79caRKFzpxJ4nRYj8nPmnXdragy3U_BGFpG4Nh0EbwrMqiXSq7888jJUo5KYKKbIr0yvX1YP4i7gzG6ipPxIlQVq3Mc6EhB4XAvkYqFRMwBK9Oqt_XWUGhSUVsWWZak-WGH0O9ZFaroCxtIWsQ
14,15,"Colaiste na Coiribe, Knocknacarra, Galway",Coláiste na Coiribe,ChIJE2aFp8GWW0gR0NykGLolX6s,M,79,97,280,262,,091-592000,
221,268,"*Colaiste na Sceilge, Caherciveen, Co Kerry",Colaiste na Sceilge,ChIJceY2RRvzT0gRYZs4Kv4cikk,M,46.2,90.8,242,220,,066-9473335,CmRaAAAAkDGI3yeTiQDv0cfQlc8pU6oxihUSDNgnncAAJXxeMp9Pa0F9XhzHHCPD_IGAligKZj1vDr-Ja06knzAjipJyJYFZDjRiMzPUIlBYhhxczVEvfZAUuEKQih_95jPEmQghEhCxFACTFceh-gDKF2bNV_OtGhT1YahodrI9vyPXg1w7VS-8lSL58w
61,79,"Colaiste Na Toirbhirte, Bandon, Co Cork",Coláiste na Toirbhirte (Presentation College),ChIJ57gofzfxREgR3Qa6ey4ooPs,G,64.5,94.1,0,519,14,023-8841814,CmRaAAAAGB40cFga8DIdc_2MnHl8cdu8CYGaMrpDsJ9pYAMO1cpMP8X3ftnhwjqedLSXrCwsoYN37GgN5g5RUhq1UfAUqutVYWeHN7Koxhzhb5xHt-qphmvBF-vatRwbn4MIizCJEhBak20oGyVEiqiwVpFfantxGhR0a0cOBBtxMAcFVHQgzyZd419t7w
359,355,"Colaiste na Trocaire, Rathkeale, Co Limerick",Coláiste na Trócaire,ChIJr71PfJ03W0gRXj8ewuS4vaQ,M,36.6,76,205,265,,069-64094,CmRaAAAAfckHJCDtBNuVNk0Q2CQDNIHDkXSqaUgHltGdyn-lr8_s2ONMtrrad3o7WUsO6kX9OotOdUncUXUvMMiftbtj_1kRxwbcAhN4xLDqutCSPZ3YYCj6uCW9e_reipUb1EGpEhAsqaV0BdNgzB08UItAto90GhT24hwWFbq34n6aKIuj4l0H_LcHOw
349,381,"Gairmscoil Fheichin Naofa, Corr na Mona, Co Galway (G)",Coláiste Naomh Feichín,ChIJS4uUxorPW0gRdJ-JgWbF_xk,M,37.4,55.9,44,43,,094-9548006,
69,45,"Colaiste Oiriall, Monaghan",Coláiste Oiriall,ChIJjyxdtMyYYEgR9UVhZztvca0,M,63.3,95.4,107,183,,047-72344,CmRaAAAABY2fOKWHnJG7A4fQYiySGGAxVWjVNWD4OFSMG_bEt6SulVel6ib2PZFR1VKfRe2Dq8_etPH6Ftvu8etb-nAN1c785k_gSSTQN-S655CSRkIsKmKz2I5mXJ1o1n8zA7n8EhBJV7lzeO1TQJqbw70rOb51GhSyDKUTsUMgPT8itE8Tha1mhj60dQ
388,323,"Colaiste Phadraig CBS, Lucan, Co Dublin",Coláiste Phádraig,ChIJ-eKNHvpyZ0gRWhvfJ9hcIfI,B,34.7,71.7,652,0,13.2,01-6282299,
215,124,"Meanscoil Phadraig Naofa, Castleisland, Co Kerry",Colaiste Phadraig Naofa,ChIJM2hkHAYuRUgRc6guH4E7XoM,B,47.1,72.5,195,0,13.2,066-7141963,
392,400,"Colaiste Pobail Acla, Achill, Co Mayo",Coláiste Pobail Acla,ChIJSTHSGiacWUgRnraLwoJGrFc,M,34.5,79.5,133,104,10.3,098-45139,
75,84,"Maynooth Community College, Maynooth, Co Kildare",Coláiste Pobail Mhá Nuad | Maynooth Community College,ChIJ6xfK0uNvZ0gR7Wd-Rs_UlwA,M,62.9,85,583,568,,01-6286060,CmRaAAAAJUdeK-yLjyyJP1oyn0oshIzAF3aPVetFFUmSYn3lAI5FWVSCeQMD9oFWoCBBrUbu97Sp-yuwSV3-XbzmuwucmlMeDVToZsZk18olMe0gnpswf1GIxG2KdUcG9JVxULpkEhCfVBWb_jHac8Y3V_GC-PqIGhQmupkolyL-gNlYOCli86-XFoI8xg
370,353,"Colaiste Mhuire, Buttevant, Co Cork",Coláiste Pobail Noamh Mhuire,ChIJ3cZw_bSwREgRknldXY56kao,M,35.7,67.3,164,152,,022-23733,
93,72,"Colaiste Pobail Osrai, Ormonde Road, Kilkenny",Colaiste Pobail Osrai,ChIJCcQ1lJ4wXUgR8998mq6VCWU,M,60.8,86.7,112,127,,056-7764557,
385,,"Colaiste Pobail Rath Cairn, Athboy, Co Meath (G)",Coláiste Pobail Rathcairn,ChIJddL5xDFfZ0gRFO6AkFSKdAc,M,35,56.1,64,51,9.1,046-9432722,
336,,"Colaiste Pobail Setanta, Dublin 15",Coláiste Pobail Setanta College,ChIJ_Vj00GRtZ0gRRX_whCP8XkU,M,38.5,73.8,534,540,,01-6402403,
141,213,"Colaiste Raithin, Bray, Co Wicklow",Colaiste Raithin,ChIJs097PG-oZ0gRzMI7lo5ne3M,M,53.7,88.7,132,135,,01-2760288,CmRaAAAAI_lvZu3_VkvlHut-W_r4KC7K-3936Zw3Oche0nY-5lbB2MSSDOr9qh5L4ddm6dcl0wd-hCBDtdadDO7lt7-bRLpGiehenchx32-giy9YX1Uspds69SIXTF0GopTsVnVbEhBAH0jetBdmf_bsipIswfw0GhQT-V14ll0ayoqbImGd0mpkj_h9Mg
376,,"*Colaiste Ris, Dundalk, Co Louth",Coláiste Rís,ChIJF3koAqTOYEgRH3jaXSMARe8,M,35.3,83,434,177,15.9,042-9334336,
354,282,"Colaiste Treasa, Kanturk, Co Cork",Colaiste Treasa,ChIJfcd6tevFREgRIlSqh6W7Ypo,M,37.1,78.8,258,263,,029-50062,CmRaAAAA7KPThZZohMqckXLdbfKqGmbP29fRqjYcyAsHWjk8D-hupxGPl6jLJG6jGkD69DkIPdDFrLgBAG3l9lozb3OLDfNykNijkmRxia3Esl3y-2RH2Jv6MHj6aQdLZ6hkTBrWEhDdcJc2AQtXarD-DUq7ExeDGhRZYcd30SzOfJqZJ99KDgAsrNc4WA
375,235,"Scariff Community College, Scariff, Co Clare",Community College Hall,ChIJAWuL_ladXEgRheuAp5iR13o,M,35.5,68.4,191,213,,061-921083,
211,222,"Confey Community College, Leixlip, Co Kildare",Confey Community College Leixlip,ChIJucUxoB1yZ0gRemQXMCfUp78,M,47.3,83.4,424,315,,01-6245322,CmRaAAAA82vXJKrY9dwm5c0XBVUBzfDEloKuZ8yLkl75Nh8FiUflh66fc8jgI6e_2vFvpC3InjK5VIbOzUt_fJ4OHeKEZmXIWY8zRosQOOLPDYK6ILAgParsBqPi0IL8_75TrUXlEhDlFxZKBkRuUEz6Oio93TtmGhQIfxaSWBZqS1jFNQkI0Ip0LyS3jg
231,152,"Leixlip Community School, Leixlip, Co Kildare",Confey Community College Leixlip,ChIJzUObvYpxZ0gRMPxW8ZdHE28,M,45.5,82.3,386,317,14.3,01-6243226,CmRaAAAA82vXJKrY9dwm5c0XBVUBzfDEloKuZ8yLkl75Nh8FiUflh66fc8jgI6e_2vFvpC3InjK5VIbOzUt_fJ4OHeKEZmXIWY8zRosQOOLPDYK6ILAgParsBqPi0IL8_75TrUXlEhDlFxZKBkRuUEz6Oio93TtmGhQIfxaSWBZqS1jFNQkI0Ip0LyS3jg
28,24,"Crescent College Comprehensive, Dooradoyle, Limerick",Crescent College Comprehensive,ChIJZzF1sXpbW0gRV9pXUNrDe1I,M,72.9,97.1,470,421,14.7,061-229655,CmRaAAAAzqdgnKSnrrRKUcpX-FCAExGX2FTBMX2MbOLWYDQGWywqFVrn_VngMrnjqiKtqFKsi_gRB3TjmCHbYzM9Y0Qd9EcohV7Hnotm3vs20dOxR85hAz-wESsy_r1643wJtdT8EhDP_MXI_QoXII1T3R0CMNnMGhS4zRhlMkHb5IMhPud-kBAAA0wMAg
285,325,"Cross And Passion College, Kilcullen, Co Kildare",Cross & Passion College,ChIJ9xBVTsGAZ0gRG_u_qhwyeRM,M,41.2,77.2,383,379,14.8,045-481524,
186,248,"De La Salle Co lege, Macroom, Co Cork",De La Salle College,ChIJ8znsQrLlREgRCC0RilUhCp0,B,49.7,88.8,322,0,14.2,026-41832,
36,50,"Dominican College, Taylor’s Hill, Galway",Dominican College,ChIJnSfJbFGWW0gR3mZfExrwI8s,G,69.4,94.4,0,624,14.7,091-523171,CmRaAAAAB-YTcpN9qL6Ns58mbXja5aesXkIn5u0eBB7NNMISSK748C5GdESRDR-wFjpglEXFNfO19er6M6aJ1cohLPwwi7Wt8pd-JgfMVgUeB1CxqsjVHErh_v1McgRHcmvbT0JgEhAh4g7w69zb7T-EmHK1gzUlGhSUj-YlrFzNeuYTX5XvMDys-W07LQ
54,64,"Dominican College, Drumcondra, Dublin 9",Dominican College,ChIJEbrJJ1AOZ0gR5O8ek83cGJ4,G,66.3,93.1,0,707,16.2,01-8376080,CmRaAAAAB-YTcpN9qL6Ns58mbXja5aesXkIn5u0eBB7NNMISSK748C5GdESRDR-wFjpglEXFNfO19er6M6aJ1cohLPwwi7Wt8pd-JgfMVgUeB1CxqsjVHErh_v1McgRHcmvbT0JgEhAh4g7w69zb7T-EmHK1gzUlGhSUj-YlrFzNeuYTX5XvMDys-W07LQ
382,274,"Dominican College, Wicklow",Dominican College,ChIJCYI18cqwZ0gRavLUICbxAQg,G,35,71.1,0,443,15.7,0404-68111,CmRaAAAAB-YTcpN9qL6Ns58mbXja5aesXkIn5u0eBB7NNMISSK748C5GdESRDR-wFjpglEXFNfO19er6M6aJ1cohLPwwi7Wt8pd-JgfMVgUeB1CxqsjVHErh_v1McgRHcmvbT0JgEhAh4g7w69zb7T-EmHK1gzUlGhSUj-YlrFzNeuYTX5XvMDys-W07LQ
333,314,"Dominican College Sion Hill, Blackrock, Co Dublin",Dominican College Sion Hill,ChIJ-UioQdsIZ0gRwAHOnjq8sko,G,38.6,79.3,0,434,16,01-2886791,CmRaAAAA16Jm-XC-oF-mCz2-IxGXErvV-ajEqT2-t9L8cpkUf2qWiI3FUpbAfauGUKPi6y5bs8U4JxK9nbvWjr6Yg5Euwu5d4NIUIDaxmrwgP7Wh4nLgUr4mrjA5hFs678zvTLH0EhDdnRbTV3B3ZvdkR8TYkepdGhRPwRxa5VE1s_3wzvO1gEVgjGuLDw
398,,Donabate Community College,Donabate Community College,ChIJL48CfCgaZ0gRLs1AkLu1iRk,M,34.1,59.4,418,378,14.9,01-843 6726,CmRaAAAALIesKeV2jSXER8oWjivH8J0iJ8OVwhQeTHeTsqqzKlI0u1va2iZzYataZ2hQ5UyYCaamuEHaDYZqCgZj7uUrnwM5eN0uvb49OybB9U-1Ig0VssZAi8lwb2jzDlNSO9-oEhB0evLNnS5Hx7p6c8nZAk2WGhRj6DbSw6UXq7eOEPVKOF4Y-pwXsw
344,257,"Douglas Community School, Douglas, Cork",Douglas Community School,ChIJP5P5uVCFREgRX6_NnP1UZHg,B,37.7,78.4,589,0,13.8,021-4294201,
238,284,"Drogheda Grammar School, Drogheda, Co Louth (B)",Drogheda Grammar School,ChIJiUYDul46Z0gRIUAEsIDoU4Q,M,44.9,92.4,174,129,19.8,041-9838281,CmRaAAAAzepdvPFCuXkZ6v9UZ9y4CGZ7UhU-R0H08iaRCvcTMmadpwgfGPMHUmfBkxiuXl4QRIPwAwkL8KseX7Jy_IzRK6owznrIsB3TbibINXlQH-dfK-0UTpyipnOhSxqJ3TwLEhDEi7RLCMA_peiihOTDqdYUGhS_EDCSiQ3_yKY95eBxTHlCzaA6bA
396,379,"Drumshanbo Vocational School, Drumshanbo, Co Leitrim",Drumshanbo Vocational School,ChIJo8CoRTyJXkgRE-yVYnr3b04,M,34.2,59.3,135,143,10.8,071-9641085,
106,97,"Dundalk Grammar School, Dundalk, Co Louth (B)",Dundalk Grammar School,ChIJbdK7HAPMYEgR5cfQoqc9pIg,M,59.3,90.4,342,218,17.5,042-9334459,CmRaAAAA_KgiIu7UDLMYybe89WyJFIs0OCY_zVn7r-z0qH-zXxyLmFDys1pf3PUGKcu5iLYl-5OWdLx5R89gvv8uGWXfXv2WVAv-ismA9ae3LW5A5280agv60DgkDrPnnaT0OlaTEhCY6tZLkwaa_vvt9MvstLEgGhSURsjLi9pH95ClRXYQtGOU29nlhA
320,386,"Scoil na mBraithre, Dungarvan, Co Waterford",Dungarvan CBS,ChIJR1GZ2SEYQ0gRvcHjUwPB7AQ,B,39.2,87.3,319,0,15.1,058-41185,CmRaAAAA85e1-kATmDcqT2Wxf4Y2B3371uip_G5n97zTFhuVugC055lDBh_OtjzyfRyh2Iv2yxpYgb8NEyDgEAXfVTiI5Tp1tY49HTdKv9BtL_Qz_XsBULDHbGcmSSLT_8xyofWpEhAWLf0P5_KJe9dpiTvsP19mGhRNobdmezf_WReXwPd1bB-njsM60A
244,234,"Community College, Dunshaughlin, Co Meath",Dunshaughlin Community College,ChIJAbkrSH9pZ0gRon1i59TeZIE,M,44.3,74.7,584,430,,01-8259137,
171,159,"East Glendalough School, Station Rd, Wicklow",East Glendalough School,ChIJfY73A7ewZ0gRolQr0Eh69ak,M,51,85.1,190,176,10.8,0404-69608,CmRaAAAAqd5ceRMFLKzA1i2VzNjMML8hJ-Z-QdpQDMMpHKksqaKaCOKmB7Oxhscc2lFOFKL7wuMt4jptHqZGaxsyrRzLTwk1UQfuEBRpXQih9sLdjJlaPR9B_9F_39gznssIIGQEEhB47fHOCv3UYKUztDtan0UeGhR4Dse60QKpTdJDaYfZ7-j2BIdCuw
119,164,"*Ennis Community College, Ennis, Co Clare",Ennis Community College,ChIJn9fOCM0SW0gRSMqTtM7CrF4,M,56.8,86.3,217,191,,065-6829432,CmRaAAAAXyJSbCJu96aLCIGQbvsMdrcyNVBq6XzYcBeTiwEVjBpmYMU-69_i517oz_c5pdSuD0Xu4pqj9IWFujCYjxnMfBmVkOuS30Uo9QWBXOsWAQAVRTgiYXFREYOcBTyvt95DEhDIMdY2HFrWKHvbA18LsyL2GhTy-h_im1LGe58GBeFZWMcWRJtw0Q
116,157,"Eureka Secondary School, Kells, Co Meath",Eureka Secondary School,ChIJrR0Hn0hbZ0gRDdg7X2JcfAg,G,57.4,86.9,6,659,15.4,046-9240132,
168,183,"FCJ Secondary School, Bunclody, Co Wexford",FCJ Secondary School,ChIJ2YLsAosAaEgRAytRkpGKUzU,M,51.4,88,421,446,16.8,053-9377308,
235,343,"Franciscan College, Gormanston, Co Meath",Franciscan College,ChIJKyb4Occ8Z0gRV-DwGU3jdSI,M,45.3,77.6,305,134,18.5,01-8412203,CmRaAAAAP6jW_uzb7ug1NINHhjCi0Ov9sxsrkWIMOB7dIV5kXLO92CEcHcWXJJOSgSJ-IHM_31WpotaWj9aIVE561snM-ErXWmdaZKGxImZbTc0soRCng_UkIV-SXKxLZc5wKr0nEhCDgY9YzSE22QQAfWJgEG6cGhRMCz6Yzxlg7kxeiMexOltOcyEjyQ
283,,"Gaelcholaiste Chill Dara, Loiste, Herbert, the Curragh, Co Kildare",Gael Choláiste Chill Dara,ChIJc-mcyLx4Z0gR2MgzAMev8kQ,M,41.4,61.5,128,196,15.9,045-441797,
72,96,"Gaelcholaiste Cheatharlach, Askea, Co Carlow",Gaelcholáiste Ceatharlach,ChIJY-pleFtdXUgR7ZJXuYLkJvk,M,63.1,85,178,194,,059-9132130,
27,28,"Gaelcholaiste Luimnigh, Limerick",Gaelcholáiste Luimnigh,ChIJbQmh5mlcW0gRU-8hz0WaCWs,M,73.2,90.7,223,376,,061-404959,CmRaAAAA3CbMoh6I6QAFJzxF_gp_zyVnHhKi_06CqvZKIYb7ryGBLWpPwB1CfuDb4UmJdxHMElG3pcEj8UNncPC5Wqwd71P5T0xWSnSUvLkgUEVjTmc4FexDxpUMVgztITHgXkXmEhAFuVh0TBDwXJEOLNvabpFXGhSRpBg8OIkXp0oMRO8_sOOldmT1MQ
137,149,"Gaelcholaiste Mhuire, North Monastery Rd, Cork",Gaelcholáiste Mhuire,ChIJd_pvhGyQREgRBNtKjLKqtyk,M,54.8,95.9,309,212,16.5,021-4307579,
35,83,"Gaelcholaiste na Mara, Arklow, Co Wicklow",Gaelcholaiste na Mara,ChIJfXc-4OLDZ0gR9zdmTvBLkoE,M,70.1,91.9,113,92,,0402-91764,
153,146,"Gaelcholaiste Reachrann, Donaghmede, Dublin 13",Gaelcholáiste Reachrann,ChIJH00PjFEFZ0gRKKm9HJIJmgI,M,52.7,77.6,168,201,,01-8770935,
277,219,"Colaiste Sheosaimh, Ballinasloe, Co Galway",Garbally College,ChIJTVOMCN90XEgRtQ14iT_kMUY,B,42,93.7,534,0,12.3,0909-642504,CmRaAAAAnsv86gKRn6_kVCkm5FvK7DDRPgBKfHvOX7jPzcCORBRo08q3cxRbNlAfjOLIrPXhJMeIyjrOR9810KaqhelT09cen5EgJD15T4lIwemTRxXhSyFBhVHE8xxG5fGIkLDrEhD26kwGh1ikqOtLWz7bb3NrGhQq-dlk04Mm2aYEcxp7zqguj-wDOg
387,349,"Glanmire Community College, Glanmire, Co Cork",GLANMIRE COMMUNITY COLLEGE,ChIJX1GrRwubREgRdUmFeIe_VWk,M,34.7,76.1,584,442,,021-4822377,CmRaAAAAwrTOrwtLtfKc7DlmlTl2iHCoDXztXSGLHi2TzuxvSWRpCbeJPkRqAGmHZQKh4re0PJof6Vbcv_9w4_mPxxDxiEQi0e6e2QZWaqyUBNQzDwjUaJtKN4ufpsF2qVfFrBamEhAdOGYzfFcEdeIZJQP0zfOXGhR7lURnukECAdVyGIo5dGg_CGIQZA
280,283,"Glenamaddy Community School, Glenamaddy, Co Galway",Glenamaddy Community School,ChIJE9ABz2MFXEgRoGubf-kPXJA,M,41.8,70.6,173,202,11.8,094-9659315,
6,13,"Glenstal Abbey School, Murroe, Co Limerick (B)",Glenstal Abbey School,ChIJcbLpZdimXEgRhnjb79QvaYs,B,84.6,100,246,0,17.9,061-621044,CmRaAAAAs60T-rJW5lwry6lXRntWHot0dhaHbUlg9ixwldpX93z3Aewmx7wBk8lPgtMpvPvNLCoi-X5iT7EJaBHLWJ-IaGylZwgj1tn8WVKCSJOyahn-mnFW0ISazEiCcIhuCZSJEhB254pmhbLfVZQnrVaOnLIPGhRhVxuNUtMc1wugtS5suy_Jq1KRlw
8,2,"Gonzaga College, Ranelagh, Dublin 6",Gonzaga College SJ,ChIJE9plmK0OZ0gRp6U5PNFwx3M,B,83.4,100,552,0,19.7,01-4972931,CmRaAAAAUSsebeiXBtr6TabrU9fH4uB-hku5G5yZUSfnFJFCBBCgZYn4NU4YCbT8GBkNvTunFwwsAinxXfoD0UufdjjndEj3MeT_HbtikU_-SCYhwbG7pwbR96Jw18p1bB7WumJ2EhBHmmqCpuSreVeGp5_DFRMgGhRUvAZPLtJ8WVx8HzQNdrZSGwo1kg
339,285,"Good Counsel College, New Ross, Co Wexford",Good Counsel College,ChIJC8xD1LS2QkgR3hsEwhoj7j0,B,38.3,79.2,823,0,14.7,051-421182,
361,384,"Gorey Community School, Esmonde St, Gorey, Co Wexford",Gorey Community School,ChIJq6ZidVLmZ0gRAlcvB0-qqQ4,M,36.2,66,740,744,14,053-9421000,CmRaAAAAqaHc2L5GcelkNG0_wLDxKpZbMtJnygf9euOkcs851VVVPC8BPXecy6ouI43UWIvT77HPQsRYPklnSqTteprgNw45vNRZovFf7vid1eqRnGEd4ON2bJYCXh4UtvAGPF2yEhCsPrZNMD3eKPYuhihT0YmBGhSVPqBlRv7yqddw1L3lJKTdRvHqNQ
351,305,"Gort Community School, Gort, Co Galway",Gort Community School,ChIJv2DZyquCW0gRAHJ3g7yZtqo,M,37.3,79.2,362,378,15.2,091-632163,
118,119,"Pobalscoil Ghaoth Dobhair, Letterkenny, Co Donegal (G)",Gweedore,ChIJrQE7wKGCX0gRbARO9zcYvbk,M,57.3,94.9,203,196,13.9,074-9531311,CmRaAAAA6uaDlXja9hsVwfCvq2-CAKHRB7ggrJK78bq2OZhycpU7m6sczIE11Cz_Il-0DDpwIAauLRyUlYLorWdmgA6-KsRLXR3j5vAfUMkyEvKIgDFbGJq9QxiRjA0vNnqFLeahEhAx_mJxHphmF7m7S0uguGDJGhQoXv9r04P0rzsr4vhM3lvDU8Z5Tg
83,56,"Ardscoil Ui Urmoltaigh, Bandon, Co Cork",Hamilton High School,ChIJs6HMUCj0REgRqBF7KlQdZvI,B,61.5,96.5,379,0,14.5,023-8844227,
304,252,"Hazelwood College, Dromcollogher, Co Limerick",Hazelwood College,ChIJGXZNqxXLREgR0rqkC2hLHtQ,M,39.9,77.9,274,251,,063-83121,
255,238,"Heywood Community School, Ballinakill, Co Laois",Heywood Community School,ChIJsbXfdCkRXUgRmJsmAig5pkk,M,43.4,82.5,381,313,14.9,0502-8733333,CmRaAAAA3JJXgpEsk7fJgBjsNlm0xpAWUCoU_CMJhP4QXhxrIsQFuFKHWXJVoanIz68YK58mq1QLyS59NTEE8h-a80xBbPUQFuVnLw5N1HAe4Sxm09qz8jFKKehQ-ABBSIb3o9eYEhBY09qmZkE7A5GzpLX15XIAGhQBFfy16ULdGKmb2Scq8jo-8tJzHw
29,55,"Holy Child School, Killiney, Co Dublin",Holy Child Secondary School,ChIJUYt6KuoHZ0gR_gwMH5n3wZs,G,72.3,100,0,368,19.9,01-2823120,CmRaAAAAumB1jm21TJEDHvvo3YRZqj-LMCgbRKp4xdOeTU6rw2yYkuO8mehiMYImpDzo01WVwNFPX6GK0vxpbBNOKx-OGMQAKWCiIdUDvNyBnqvFJAYBU2YYm7bFSUarxNMAOdEtEhCQN81RPkwWJEdGoZ1h4mVVGhQfdTr9NTCY2oGlZqTn7pKW3W8Lmw
32,54,"Holy Faith Secondary School, Clontarf, Dublin 3",Holy Faith Secondary School,ChIJVW-MeacPZ0gRiG5B8ZEvSbI,G,71.5,97.5,0,631,15.9,01-8331507,
356,293,"Holy Family Secondary School, Newbridge, Co Kildare",Holy Family Secondary School for Girls,ChIJO3wtrwmAZ0gR424aymKzgKU,G,36.9,65.3,0,709,16,045-431957,
184,136,"Holy Rosary College, Mountbellew, Co Galway",Holy Rosary College,ChIJqZlZh3ANXEgRU2ZCp0BGcHs,M,49.9,81,311,300,16.1,090-9679222,
241,244,"The Intermediate School, Killorglin, Co Kerry",Intermediate School Killorglin Hockey Pitch,ChIJL83QvutFRUgRVDrKNom85Gk,M,44.7,63.4,267,266,12.1,066-9761246,
317,216,"Jesus & Mary Secondary School, Enniscrone, Co Sligo",Jesus & Mary Secondary School,ChIJOw3bdnwxWUgRDL0YEsDnph0,M,39.4,80.3,144,130,12.3,096-36496,
206,160,"Jesus & Mary Secondary School, Crossmolina, Co Mayo","Jesus & Mary Secondary School, Gortnor Abbey",ChIJu-4lRxQ_WUgRRLowX4EVpCg,M,47.5,84.7,276,260,16.4,096-31597,
310,336,"John Scottus Secondary School, Donnybrook, Dublin 4",John Scottus Secondary School,ChIJWUUl4bkOZ0gRwxL14lWAlhg,M,39.6,80.8,60,65,11.4,01-6680828,CmRaAAAAyh_CIgMZTnhvdLTSSfYWOWpPv3ccHiml8gK7ci04eE8OER9xUSVK4jPfWQjhxmttD__qScBHhoXP7W6kOr9dCuXEwCLzTRiOHEJAB7y4ya2PSYFOqu--PPDzs08D6cXnEhAY2TBsu_ihUhzkqKuNRqdZGhTiWrrknpdTdVsApqK4NyrhvDMzug
125,126,"John The Baptist Community School, Hospital, Co Limerick",John the Baptist Community School,ChIJfbGyCulVW0gRDZzUb0UNN4A,M,55.7,88.4,513,494,14.9,061-383283,
98,92,"Kilkenny College, Castlecomer Rd, Kilkenny (B)",Kilkenny College,ChIJmXYslBM6XUgRn2aQABJ-Mus,M,60.2,95.1,436,410,15.7,056-7761544,
380,,"Killina Presentation Secondary School, Tullamore, Co Offaly",Killina Presentation Secondary School,ChIJ_Z3QiKavXUgRL3i9R6l7FJg,M,35,75,237,210,12.9,057-9355706,CmRaAAAAWBKRzVab2jQUstKzuj2PiL1zdTeLU12-UNIfZgd3Lux5XSkRefaEqdvkKR3-ZsRqzIDYIrxl7oXHJLywFXpzBhiulpdPt77iipG2pcOMK2TX73uc95vrtgfB5orOOrohEhBUdZ7wWx_fa87G2yXYgqClGhS1bJYxhx_9pF94-m0Ap6WPyFFlOA
230,308,"Kilrush Community School, Kilrush, Co Clare",Kilrush Community School,ChIJMc2ktXPeWkgRFZXRr1WlZgI,M,45.5,85.4,242,202,13.1,065-9051359,
223,158,"Kinsale Community School, Kinsale, Co Cork",Kinsale Community School,ChIJUwLageZhREgR4rbGmZiOVU4,M,46.1,85.9,460,448,14.1,021-4773174,CmRaAAAA0fhtZ7DyPvk9W0LshA8SOmPqW1q0plS7DmQcEgatKVidu0DlYEy7BXnxqKoE4smZ1NwuUnufceCaUItqDIF1g1MmP9H6fb3Io2m9o2xhldqx-lZARcOVhLiK9PtLNMSoEhCoioEtf-Kfz9OC13N8eMJvGhTunjA0Nj429ZRAGuupL9seB82Fag
358,,"Largy College, Clones, Co Monaghan",Largy College,ChIJK2g1eFYYXkgR7u3iSAxGj3E,M,36.6,79.1,190,206,,047-51132,
1,1,"Laurel Hill Colaiste FCJ, Sth Circular Rd, Limerick",Laurel Hill Colaiste FCJ,ChIJNa0KLIRcW0gRyre_Pay-Ypg,G,93.7,99.5,,422,16.6,061-313636,
62,67,"Laurel Hill Secondary School FCJ, Sth Circular Rd, Limerick",Laurel Hill Secondary School,ChIJwUQIzYdcW0gRqdOyM7IGRHg,G,64.5,89,0,625,16.4,061-319383,
110,102,"Ballinamore Community School, Ballinamore, Co Leitrim",Leitrim County Library,ChIJgz9EsF9kXkgRSua8vkFaGX4,M,58,84.5,158,161,13.5,071-9644049,
50,59,"Loreto Abbey Secondary School, Dalkey, Co Dublin",Loreto Abbey Dalkey,ChIJiSqqZ00GZ0gRgMEAiPijJUU,G,66.9,97,0,627,19.4,01-2718900,CmRaAAAAsX3wMO9ECLDjVEwW75A7T6_wTCuheCRnIAV7xnw5OiCVSgF0CAOF2I4wpa36jHMQ5C0kS7dtqcvRbOHP2DwPt4XxnhwEGiYCCwSgIvAGQ4viDS71-yUwW8DuLzBJlq0nEhCRBGb13hWJ8vcqzq0TWsOrGhQ8Nf4HrjBfSIicB-beCGOPcp2qcA
31,27,"Loreto College, Foxrock, Dublin 18",Loreto College,ChIJv1UijVgIZ0gRf9z4Ak38d_o,G,71.5,99.4,0,561,17.7,01-2895637,CmRaAAAApBE4mNGj8AgSzoVIfTW4qnA2HMAXzAT8NXkboQAdEKRgn9QirretsU9nVDf2A7FI4bctyUI97XVQV1FiGM1uBTEQKk9Jm-876ZkSMPEwf9SoOuSa89SUEWvEB9lLEspdEhCtFF09jyBO0-zP7ZCdz84nGhQf540B01C4A1sIH7GJoEFqSU4Q4g
91,111,"Loreto College, Cavan",Loreto College,ChIJyyK4v-kNXkgRGlmVpNeSZLo,G,60.9,83.2,0,700,16.2,049-4332881,CmRaAAAApBE4mNGj8AgSzoVIfTW4qnA2HMAXzAT8NXkboQAdEKRgn9QirretsU9nVDf2A7FI4bctyUI97XVQV1FiGM1uBTEQKk9Jm-876ZkSMPEwf9SoOuSa89SUEWvEB9lLEspdEhCtFF09jyBO0-zP7ZCdz84nGhQf540B01C4A1sIH7GJoEFqSU4Q4g
251,301,"Loreto College, Mullingar, Co Westmeath",Loreto College,ChIJJzq70h7AXUgR5vFDsoc_xls,G,43.8,77.4,0,815,17.4,044-42055,CmRaAAAApBE4mNGj8AgSzoVIfTW4qnA2HMAXzAT8NXkboQAdEKRgn9QirretsU9nVDf2A7FI4bctyUI97XVQV1FiGM1uBTEQKk9Jm-876ZkSMPEwf9SoOuSa89SUEWvEB9lLEspdEhCtFF09jyBO0-zP7ZCdz84nGhQf540B01C4A1sIH7GJoEFqSU4Q4g
256,277,"Loreto College, Swords, Co Dublin",Loreto College,ChIJb7c6cfwQZ0gRbD3Dg1CD4Kw,G,43.4,82.3,0,619,15.7,01-8407025,CmRaAAAApBE4mNGj8AgSzoVIfTW4qnA2HMAXzAT8NXkboQAdEKRgn9QirretsU9nVDf2A7FI4bctyUI97XVQV1FiGM1uBTEQKk9Jm-876ZkSMPEwf9SoOuSa89SUEWvEB9lLEspdEhCtFF09jyBO0-zP7ZCdz84nGhQf540B01C4A1sIH7GJoEFqSU4Q4g
10,12,"Loreto College, St Stephen’s Green, Dublin 2","Loreto College, St. Stephen’s Green",ChIJjXO-8JgOZ0gR1KHY3XocqDU,G,82.7,97.3,0,573,20.3,01-6618179,CmRaAAAAguBc106-lK1WlUjxBBj38lVk-z8bRzOtVriOKvfeVJccFyNWB50WIdwQX0dEEGTU7fYy0hCqu3qGU9S3aZ7iwxrQJQpzQHL50KX5NQfU43n9bAB15vUe_D6WwBvuDTOIEhB8D2iS9GNuZvkKsnaEPx6_GhRa5RzNSZ-nDmNWK5wWjEFL4ziIMA
353,364,"Loreto Community School, Milford, Co Donegal",Loreto Community School,ChIJReYuQGHyX0gREmB5CQmF1cc,M,37.1,86.9,403,380,14.9,074-9153399,CmRaAAAAN0M3GW9Caoh3rmb0t56pUqfUY27moYhGOTKARsL4O8Id5JaGZ8YF2qB9BRPSGMmdnBRc28p3JGw7XQjg9B5EsBtaJF3otBtO7gVtvusdDbe1Au_a39I4K6SGkqZPKAkAEhCiLWUjTQuZyG02HkvmoLhWGhTCqY8rLjQvLWD7vR2SaBz7rgTmQA
212,156,"Loreto Convent Secondary School, Letterkenny, Co Donegal",Loreto Convent Letterkenny,ChIJ817zSMyUX0gRn9F6dTv9ttM,G,47.2,83.9,0,951,15.5,074-9121850,
23,19,"Loreto High School, Rathfarnham, Dublin 14",Loreto High School Beaufort,ChIJb-JGxeoLZ0gR4ohS9ssu_Ic,G,76,100,0,637,19.2,01-4933251,
57,39,"Loreto Secondary School, Spawell Rd, Co Wexford",Loreto Secondary School,ChIJywLK-1kbaEgRmcVzcARY5dc,G,65.5,90.7,0,718,16.2,053-42783,CmRaAAAA5XLWa2onPnkAcWcQ249taVFjoclPJ5NH5IrcIWQcoFGJsVQp0Pepy3Unm89uyq9fgLOLJUGwI9CGhGTVoFwBxvH4rkXAH6WkfCpw1B6VXmyDACGt2_mRsi4e9QISZZ08EhDYd_AvxBHmF_SwEmCXK2yLGhTtmwEZU9zcput8PSvskOL3vbln5A
60,69,"Loreto Secondary School, Granges Rd, Kilkenny",Loreto Secondary School,ChIJ9wWO63A6XUgRljM8QXTe8aU,G,64.6,86.2,0,927,16.6,056-7765132,CmRaAAAA5XLWa2onPnkAcWcQ249taVFjoclPJ5NH5IrcIWQcoFGJsVQp0Pepy3Unm89uyq9fgLOLJUGwI9CGhGTVoFwBxvH4rkXAH6WkfCpw1B6VXmyDACGt2_mRsi4e9QISZZ08EhDYd_AvxBHmF_SwEmCXK2yLGhTtmwEZU9zcput8PSvskOL3vbln5A
74,73,"Loreto Secondary School, Fermoy, Co Cork",Loreto Secondary School,ChIJjXHcAj9fQ0gRxPqrfEZ-qag,G,62.9,86,0,622,14.9,025-32124,CmRaAAAA5XLWa2onPnkAcWcQ249taVFjoclPJ5NH5IrcIWQcoFGJsVQp0Pepy3Unm89uyq9fgLOLJUGwI9CGhGTVoFwBxvH4rkXAH6WkfCpw1B6VXmyDACGt2_mRsi4e9QISZZ08EhDYd_AvxBHmF_SwEmCXK2yLGhTtmwEZU9zcput8PSvskOL3vbln5A
101,95,"Loreto Secondary School, Clonmel, Co Tipperary",Loreto Secondary School,ChIJ71duch4uQ0gRjv6EI5Wf07Q,G,59.7,87.7,0,505,15.8,052-6121402,CmRaAAAA5XLWa2onPnkAcWcQ249taVFjoclPJ5NH5IrcIWQcoFGJsVQp0Pepy3Unm89uyq9fgLOLJUGwI9CGhGTVoFwBxvH4rkXAH6WkfCpw1B6VXmyDACGt2_mRsi4e9QISZZ08EhDYd_AvxBHmF_SwEmCXK2yLGhTtmwEZU9zcput8PSvskOL3vbln5A
104,134,"Loreto Secondary School, St Michael’s, Navan, Co Meath",Loreto Secondary School,ChIJ696ZlbNEZ0gRq38VSLkgvSY,G,59.4,86.9,0,796,16.4,046-9023830,CmRaAAAA5XLWa2onPnkAcWcQ249taVFjoclPJ5NH5IrcIWQcoFGJsVQp0Pepy3Unm89uyq9fgLOLJUGwI9CGhGTVoFwBxvH4rkXAH6WkfCpw1B6VXmyDACGt2_mRsi4e9QISZZ08EhDYd_AvxBHmF_SwEmCXK2yLGhTtmwEZU9zcput8PSvskOL3vbln5A
191,198,"Loreto Secondary School, Bray, Co Wicklow",Loreto Secondary School,ChIJIfTF3WKoZ0gRwswpYthsGo0,G,49.3,81.7,0,831,16.4,01-2867481,CmRaAAAA5XLWa2onPnkAcWcQ249taVFjoclPJ5NH5IrcIWQcoFGJsVQp0Pepy3Unm89uyq9fgLOLJUGwI9CGhGTVoFwBxvH4rkXAH6WkfCpw1B6VXmyDACGt2_mRsi4e9QISZZ08EhDYd_AvxBHmF_SwEmCXK2yLGhTtmwEZU9zcput8PSvskOL3vbln5A
199,174,"Loreto Secondary School, Balbriggan, Co Dublin",Loreto Secondary School Balbriggan,ChIJ0-ZbYSgaZ0gRapzDD-dG4-E,G,48.6,80.5,0,1263,17.2,01-8411594,
172,184,"Lucan Community College, Esker, Lucan, Co Dublin",Lucan Community College,ChIJ-2l4F1NyZ0gRTC4slxmLohE,M,51,81.1,478,397,,01-6282077,CmRaAAAAWLc6VOdnEqOctU2oApv4RMlM1ckdtr0lfhAu25jJod1Fwwr_Kue4BkJVhVrC8FkzE7A8sbWPE9nTK4TslimVJtwKs0e_ieWTNAJilOYJFI_Ts6rh0hDOslP5cPmrHIGzEhDqvaav01JaA-HlD82dqSqmGhS0fsMnY5CyVU46KAlyRalQglflvw
306,310,"Magh Ene College, Bundoran, Co Donegal",Magh Ene College,ChIJN2GFDRP9XkgRlmvOwFpqA-E,M,39.8,82.3,182,143,,071-9841364,CmRaAAAAKRBjB1oZ-Gx0kiDZo2EKKb76xl897bEDXus5_an9LU-8KVuRPYi7U6R-dfXZb_gw5yIja6QtLpmRoVVJBqUA37-v9S3-fI_Mbf3HxAIbvJXM_RZjdZ1vKNvWPoAlqXKyEhBGVWbuqu3jJ44EqnHbJo54GhTJPunelP2K1CZmd_5z2wc4KIc2mg
162,173,"Malahide Community School, Malahide, Co Dublin",Malahide Community School,ChIJ9044O44aZ0gR2UOBS1r-yJw,M,51.9,92.8,609,613,14.8,01-8463244,CmRaAAAAaiVDXYkTlhZ2AlgEVhRNhtrPonOS08uVrRFpTrsnApl4548u3ewXW6uI9DrSpY91trqmMv9pxG0Yt9T925rYmzrQ1lpOUt1wiHKcuQAAzPjJ0TR5-pReUCEpv2k0AVuzEhD22u1yKSJySYiUVWOSaFhGGhRPYEkD21ZR6BeLAIEePHgEo37rnA
239,204,"Manor House, Raheny, Dublin 5",Manor House School,ChIJOcXrR4wPZ0gRtJmGoEsaB5E,G,44.9,74.1,0,773,15.8,01-8316782,
357,351,"Maria Immaculata Community College, Dunmanway, Co Cork",Maria Immaculata Community College,ChIJM1dgy60BRUgRAivll7NlPDY,M,36.7,73.5,249,241,,023-8856030,
156,167,"Marist College, Athlone, Co Westmeath",Marist College,ChIJqf3lHAxJXEgRHLSe3omzeqA,B,52.4,94.4,537,0,15.6,090-6474491,
248,182,"Mary Immaculate Secondary School, Lisdoonvarna, Co Clare",Mary Immaculate Secondary School,ChIJUZ6bTgKoW0gRCVNhUPtb0fs,M,44,86,114,120,12.7,065-7074266,CmRaAAAAce9Xw49bN39D70QhRuN785-DoM12kNluF2q9r21rcNCic3DKnoB5BL25iLiMwDcnlT1CIKhEThyhGt1_0fZUFpw4sCxXxG0s_rKFf4ohQ6sL9dDxLT6BMbVCF69dD46XEhA-qy36B46O6RhpClQdfBdmGhSQKj0cZxl_hz8UzwQPFcL0l3yRUw
146,151,"Maryfield College, Drumcondra, Dublin 9",Maryfield College,ChIJHes9v0YOZ0gRVi-0ty5whoQ,G,53.3,93.5,0,672,16.7,01-8373574,CmRaAAAAO-MeUkGaOxovbZobFIuPPOU3QVzIYDIhIawZSMpblS8NF_l8QrBD6HsPP6icjvHZ2KCPoh8e2Z2998XzON2MjA4vZs4QAoSLq6RGMJrfGZGR5uW9Joiq20VdYaUGO-7nEhBLYveqCDAyUpxhCM3z-CfTGhSWjq0xn9xFq4nouwmUBELBrbkMAw
105,129,"Mean Scoil Mhuire, Longford",Mean Scoil Mhuire,ChIJ8UD2_J7TXUgRtIMu5rB25ng,G,59.3,91,0,546,14.5,043-3346608,CmRaAAAArwDmMU5Jp4DXqpekSTHwO83rGgub2EvCIOGsyThDeWmOFipX8VushRAF7SpCa9pN9RSSzTX9I6o_ElZN1oeuHPDpNtyOVeQAsbPD3tQ7N1aYof77GKYcUjJQJq4cOqPiEhA1a_X-kPXIXO-aY0XcfsDPGhTwx-opaWqXEakAaNSy70HBhwG4KA
177,262,"Meanscoil na mBraithre Criostai, James St, Kilkenny",Mean Scoil na mBraithre Criostai,ChIJyXlvGXY6XUgRJlLRVahzwEE,B,50.3,84.5,674,0,15.1,056-21402,
315,202,"Mean Scoil Nua an Leith Triuigh, Castlegregory, Co Kerry",Mean Scoil Nua an Leith Triuigh,ChIJd26JFRZTRUgRfa7jGuNMIxs,M,39.4,84.8,75,62,10.4,066-7139746,
148,117,"Meanscoil Gharman, Enniscorthy, Co Wexford",Meanscoil Gharman,ChIJFeld6QMBaEgRNtHv5QvmPpQ,M,53.3,80.7,96,111,14.3,053-9235796,CmRaAAAATO548kQK9HoUi65WW1VNrXhT85LrsEaDeMyjj3SZg658KGzQyuHahM1UN1ntO7HAqlxkm1llF7riDJRW5Og4J0P8YIglHVllotx-kum6Bpr5xwFBpPjzQ6W6UYOFlqnEEhCQfw50dSk_-soVMcwQfGxCGhSbgHK1qGdJ2dBnmBc9ejWgymIy4A
201,217,"Meanscoil lognaid Ris, Naas, Co Kildare",Meánscoil Iognáid Rís,ChIJX8eWS714Z0gRmCl0PUrR60w,B,48.2,85.5,1001,0,15.9,045-866402,CmRaAAAA8TnQxHzyWnjtaYsBvz00BLxIcS2sTA38bQdL9lShAcgFUcdE-_Bwy_GhW1jSOZvF2mecZ0jH2MvyR4VYv8lOaIqqQgzv8svNdwLm1oh5Smt_evLz1u6-0sdOxs0-3ZpHEhCuDPuxZCn75Bpz0QPy-e6MGhQFHtPqtONoiW5eNCb4BjrWOX1ZHg
203,228,"Meanscoil San Nioclas, Rinn 0 gCuanach, Co Waterford (G)",Meánscoil san Nioclás,ChIJ7zuGPpEZQ0gRUO0udrIpBGc,M,48.2,70.4,60,86,,058-46464,CmRaAAAACf83z5-Pwx0VjRGUTz6JOaDpwrjmLag_8r1ynlzKJkOBG1DWZLmLpknUBr-5tPdDAv2kQxnQgDPGq6yuWUkdf0vJpP3gPjFpNSQ54Qb8d-HKc6uO2ZwPSmnkJeBVQ3fdEhApttjSLR7CUs8TYcbSZxQBGhQpMA3WEsr8DaONR80f2bdB6br1TQ
263,,"Mercy College, Woodford, Co Galway",Mercy College,ChIJ2SQAQ62HXEgRnCHbugPx6CA,M,42.8,78.7,65,73,8.4,090-9749076,CmRaAAAAD0tgwuG24INamG1SbHlNcrdQCQc9GQyCpyT15QnH4YvJZbC5v22exDr3P4kgAekG_PJhlWqLy_7G6vF998rtxcL1azrAh1vjp-BDS4jIArrdxw7pDD1LwGa5KJZ90ZzSEhATvenewfpccalTqFn5qUWrGhTfEXg5THRcxv7V051B0rxKovRRkg
301,335,"Mercy College, Sligo",Mercy College,ChIJ33V7X7XpXkgRYy9pL31stis,G,40.3,73.5,0,356,11.7,071-9143476,CmRaAAAAD0tgwuG24INamG1SbHlNcrdQCQc9GQyCpyT15QnH4YvJZbC5v22exDr3P4kgAekG_PJhlWqLy_7G6vF998rtxcL1azrAh1vjp-BDS4jIArrdxw7pDD1LwGa5KJZ90ZzSEhATvenewfpccalTqFn5qUWrGhTfEXg5THRcxv7V051B0rxKovRRkg
187,208,"Mercy Secondary School, Tralee, Co Kerry",Mercy Mounthawk Secondary School,ChIJ-QvDkaFKRUgRrHUmTPlPJqc,M,49.7,86,594,639,15.2,066-7102550,
236,361,"Mercy Secondary School, Inchicore, Dublin 8",Mercy Secondary School,ChIJzQePNF8MZ0gRyD1ql9OBQQc,G,45.1,54.9,0,170,10.4,01-4531262,
340,249,"Mercy Secondary School, Ballymahon, Co Longford",Mercy Secondary School,ChIJHb9CqHvLXUgR2pIq5cMRp9I,M,38.1,75.8,297,323,15.5,090-6432267,
123,82,"Midleton College, Midleton, Co Cork (B)",Midleton College,ChIJnXiGRy5jQ0gRKVIyBTydaGs,M,55.9,82.1,233,184,15.9,021-4631146,CmRaAAAAYVhyxqJ7XIoDxdld0WQr51JV-uiRAhhEPhXjbWodOuaNyw8RT00Jmh7r9PCzJX6imyyDdbXVDTFoJ4TCZz6W8NeUEQw31QX8bPmMvLD1pYCl-6v4zZ_PnZWJlcIH2G89EhBr77kmkcHWzbFROqE_svEHGhTMFc7EbzURTIVMM4D2FrHLuZDGfQ
287,265,"Millstreet Community School, Millstreet, Co Cork",Millstreet Community School,ChIJc4l_sCncREgREysRMu6falg,M,41,88.4,139,157,13.9,029-70087,
394,337,"Moate Community School, Church St, Co Westmeath",Moate Community School,ChIJ0Q8EmWOzXUgRctAmFki05Hg,M,34.2,81.4,420,429,10.3,090-6481350,
165,192,"Mohill Community College, Co Leitrim",Mohill Community College,ChIJB3ilbtF9XkgRlou7TPYDfcY,M,51.7,81.2,155,212,,071-9631122,CmRaAAAACfn9dZ-5jC9fME-V-Ka3glfkC_1V60Xqlc9fxORbaQ-oRJNblv33KrmbcqSzbShV-4NdLlJU0qn30-ogHrhb2IHPmr2YT98VyFaqUBfMxteWPr9ua8r5JvxHWV4oUiH-EhD-uoBWhhcvvqaCNaBGypI1GhSeUQZrA4MGRwUgSj294I-V7b7AgA
383,,"Monaghan Collegiate School, Corlatt, Monaghan",Monaghan Collegiate School,ChIJrasl9JqnYEgRRNrUhilh-7Q,M,35,70.7,130,126,15.8,047-82060,CmRaAAAAVJ6_zcoGHkvy2k65rYSBC2xCq_-qphD-w5PGWhW_aw_EZHGrrM46wxLy9hlVv5_NAcZRJOcDextmjoP3btxrLqF-s8XwP8tugoVn1Q6Y--3RmkRaxMCGodA2LzD1L79xEhCN2eTyKzJ6JaJNQIq5ip8ZGhRsCYbR51GaIT8B3pY40q2pvO-qog
13,9,"Mount Anville Secondary School, Goatstown, Dublin 14",Mount Anville Secondary School,ChIJbTfkYXkWW0gR2fGykkibNxA,G,80.3,99.9,0,662,20.8,01-2885313,
20,21,"Mount Mercy College, Model Farm Rd, Cork",Mount Mercy College,ChIJBzRSF_CRREgRSEHlwVm4XKQ,G,76.8,95.5,0,833,16.9,021-4542366,
19,31,"Mount Sackville Secondary School, Chapelizod, Dublin 20",Mount Sackville Secondary School,ChIJ1X9-8iINZ0gR7AigGVmqJV4,G,76.9,96.5,0,654,20.8,01-8213317,CmRaAAAAiiXUbMh47LaN8Zi_I2BJ0yrkox7ynImWwbPlAh-tyOUB31dUqUC7XM48rqvcTMT6Y8yxZwgmwhWYoLaGl6mR0Bkso7_6mLTeu2NSq7ikDx4CS7ttVIbeR8s81d0_nQ80EhDNthJ5Vknixab1HmtQm7eXGhSnL08jbbqUAaEMY4Eme2D6orbDOQ
120,107,"Mount St Michael, Claremorris, Co Mayo",Mount Saint Michael,ChIJFVQUWm79W0gRvQ4d_bTqJZE,G,56.6,82.8,0,465,15.3,094-9371474,
182,264,"Mount St Michael, Rosscarbery, Co Cork",Mount Saint Michael’s Secondary School,ChIJM9lUOFNTREgRBu1XPMF6BT0,M,50,83.4,203,170,12.5,023-8848114,CmRaAAAAe_tVF-QFElqGXH4swxUMm5VEuYAHOtlRUTF39nd0zKyxpYNZO4qMOhEr9aOO7d4E_Yv3d6XD223wp9ymLMQkdqm_R_3g5BGgtnNsSD00d7smRa6J4Nl7hCfyGAoUv0CrEhDQ8AceoefKyN6IkvYs6iv5GhQDLxHELuUNFBZWqScDP06Uld3lNw
150,214,"Mount Temple Comprehensive School, Clontarf, Dublin 3",Mount Temple Comprehensive School,ChIJf41O4k0OZ0gR4JrV1ImtDfs,M,53.1,84.9,454,442,14.8,01-8336984,CmRaAAAAN4UNnZuKoNGKcpr8miqJqeO2GglQqNS2NpbrHXda7KMu8uXWeQYphtc1INHFZeULOI7ZAgD-7CVeK_JoT68Jn_pJtPqLbKb2H0mFb2kLwtLmgFjf6WFmTmyAAPeGfy2sEhDi-qmIgDy9bo55Lp_W13dpGhTmHAY9LtoOBe8COik-MZieI68XMg
218,242,"Mountrath Community School, Co Laois",Mountrath Community School,ChIJg9cjbtgEXUgRKWiqdY5Myaw,M,46.5,78.4,396,383,15.1,057-8741080,CmRaAAAAvf5W7oe4Ohf_9z7FRdOdENThmmuV45K8YJ04J1pplUjgEUngt8nWsneJ-glcKOaFLl2zpnyL4-yTi83Rt8YIDGn71tC-A2Ak4So4uHMhNCWNXC5oYjKBHmLnugSMZVUjEhBG3gIEdDxeaLIjrqNXrADYGhSTyQdNJfEhc31nEv9pGkEutOGLoA
44,38,"Muckross Park College, Donnybrook, Dublin 4",Muckross Park College,ChIJCTfuK7cOZ0gRb08clmT3ssQ,G,68.4,97.6,0,712,16.1,01-2691096,CmRaAAAA73thcJKQz3snI51QtwSANm-zROM0ueP0pi7SRWzAExQ_6p587FqvNA_ITkSEKAcWmJj1ANyfVcRn_3LDZWLCxIjzRxZ-CHlXpIYGwgvg1ciG_7VfJilddd7K9PYCCwzBEhA3FDe10ejtYjKxYzi4TpUbGhT5zknlmiiRDyVBmkMvKf61-Myx3Q
45,37,"Newbridge College, Newbridge, Co Kildare",Newbridge College,ChIJcdae9vx_XUgROK13eKIlnLg,M,68.1,97.7,446,436,19.5,045-487200,CmRaAAAAmoPA9-g75hxkpJZp01cyiyLa3WzuU5JqLGZokUNfzcPfKQs61hKHInbj8udMdimDiu93Sahuc_TRJNUTU9sXprwRQHbsucIIQ08BIuj08Q8M0CIXn6wqS_Lm30lQxM-GEhDi-KiJp99MA4kNh0vjeTmYGhR4sBIkEod-W7EWsysELnLmiX6smA
300,383,"Newpark Comprehensive School, Blackrock, Co Dublin",Newpark Comprehensive School,ChIJn3rZp-wIZ0gRDC17B3XLZkw,M,40.4,74.7,439,409,11.8,01-2883724,CmRaAAAAndFC-_Rntdo_KW0yxuX8p_xbf2tGPntmO6fqrncy2avFpO_FgfmtN4f52ToR4e0CBHoc1sw-2mejX74cZWyW0MMczFaSTpolAzMFdbusypGilD9dY2I48lAiHLT2bfavEhBHy4FunU7W9UrHTQmkh84uGhScZy4OVGAtjHG6TGuEKSCMpCQhGA
152,210,"St Mary’s Secondary School, Newport, Co Tipperary",Newport,ChIJC46tDKahXEgRcBgyl6nHAAo,M,52.9,81.9,264,245,16,061-378344,CmRaAAAAH6WBpPk-uNbf0BbESyVknVZx24flw7aIMmilJbnQz06GC-5jJz18fyvD-bZY9v3uQ6tCcz4OsJxLA8lytcUynB8ch64koloEEWDFRqm9ehCWVcRFF4jWgrmAgvMVXde_EhA2TqFoHuZzH-6dpuEvJj2KGhTZODp3o8A-B3lyQw0RoGBz2b5bZA
377,,"Newport College, Newport, Co Tipperary",Newport College,ChIJyzzab6yhXEgRLKseTdFHc7M,M,35.3,70.5,73,66,,061-378262,
309,212,"Newtown School, Waterford (B)",Newtown School,ChIJlYJ0y6LGQkgRuiQm--r_HQE,M,39.7,67.8,182,190,12.9,051-860200,CmRaAAAA4x4BGuAdtL7Rpir7mlutwjdHkAwVCKwcXQ71cEnVrIRv6vZMGvGqFz_poT__BfPPvBMFzWmtGDWLtgdh540PX11BMBiarClQe5CmhwqSnUXytNCRXR7U2cDK5bfNqiNdEhBQCTTAHcMGdAJg-P_dDXnLGhTV4JyBtvTBFD8lz2fUl17zsMVlrQ
88,87,"Notre Dame, Dundrum, Dublin 14",Notre Dame School,ChIJBajETeQLZ0gRZHwHNyFFXWc,G,61.2,95.1,0,128,12.5,01-2989533,CmRaAAAA12ZdKwa4SL6x29ICIuNb4Wt7IX6lb9tFuikwaYiEKbM7ZoxeGEzav9OHm24iskkGQXVDnOWDI-OxCMovDqdPAXXp7-z9YSqbKqtn8lD5yngPUHiKl0atijjcqH7pnUPFEhAf19QvWfuURdNbWn7tLDRUGhR2hfMl-eAmBvIvluzmTDimD1ONVg
225,195,"Oatlands College, Stillorgan, Co Dublin",Oatlands College,ChIJyVhLCB8JZ0gRci3lk7cDeFQ,B,45.7,88.4,547,0,14.2,01-2888533,CmRaAAAA1MCwEXTRajB-YOBZqdhF3KosMZa28lUiRrrkk8JS5rNQl83gbLlRxdBPjInU7KoYIXE-cAyjBCQACwrSBA1mMlZdLmkdhYzLm6FvA4ama5IEDY5Eanlzj3wfWWkZwvaQEhDYyuNaGai7OADwWkVcDgNwGhQ3ouCt9mEF6F6Xy8iKIRcGe-bNfw
207,140,"Our Lady of Lourdes Secondary School, New Ross, Co Wexford",Our Lady Of Lourdes Secondary School,ChIJZaODc7y2QkgRtBof3OacmKY,G,47.5,83.5,0,384,16,051-91422177,CmRZAAAAdJzX0komfCgS3iLb_Zh53rh3xLuzmQ7uZ6miknPNP9pw7TVj54iIalYIGfs-6h70IzFQOY2YqR6qsPGR9PEdWQMWNjwqAYwnFEtwWjNjyabvYeGMfn4KSLfx_ug_ySOlEhBwM4pG7uR0jokrkrE6i549GhSyqGL5ZDjPNw9yQdKuda4bteotAA
42,47,"Our Lady’s Bower, Athlone, Co Westmeath",Our Lady’s Bower Secondary School,ChIJzy9NyQ1JXEgRIui3K80I5WE,G,68.6,97,0,692,14.9,0906-474777,CmRaAAAA8rc7BZnxF4Gu6VyI7Z0ZISVUXDRoippUumgIzu6QfRd0sAtwQUmNBpiPGMeNFa8b_LtauuAetn-xJE4Izc1aHL5uEHE3C_qW-n9CUVUj-HmofunDJY3WDOjY53WiQ_apEhBlDUGRon41MJDXDBRyiOllGhSusLNWENxAm4DFUMvlLU6h5_50Fw
181,200,"Our Lady’s College, Drogheda, Co Louth",Our Lady’s College,ChIJ2WxwiT86Z0gRxDuWSeg-ZCE,G,50,86.2,0,954,16.2,041-9831219,
264,292,"Our Lady’s Grove, Goatstown Rd, Dublin 14",Our Lady’s Grove Primary School,ChIJz7rT_kYJZ0gR6E1jNbpM8lU,G,42.6,87.5,0,331,14.5,01-2951913,
252,266,"Our Lady’s Secondary School, Belmullet, Co Mayo",Our Lady’s Secondary School,ChIJteRW3mioWUgRLq14OsVYdns,M,43.6,72.3,124,137,11.5,097-81157,
122,115,"Our Lady’s School, Terenure, Dublin 6W",Our Ladys School,ChIJxbjr1ZELZ0gRzCsIoxUOgsQ,G,55.9,91.8,0,760,15.9,01-4903241,
179,205,"Our Lady’s Secondary School, Castleblayney, Co Monaghan",Our Ladys Secondary School,ChIJN2HkjgC7YEgR6VJoLG90lEE,M,50.1,90.7,318,372,13.5,042-9740351,CmRaAAAAjy5zMpuEs5Sls0la3VVmhiKHGXB5R2oC5KYRkgG7Ijj7jOOdi_H5LF721HL2pBTNUCxHQ_0Av7fKXsAC35G32IoMloe0OeMGP7yIEbF_zOGAoI32Yqm-jAtVI-z6mnymEhCgSIFqO35OPy1e0ownE_AbGhQId0wyab99woOYWhlsSCYaKj7UeA
279,302,"Our Lady’s Secondary School, Templemore, Co Tipperary",Our Ladys Secondary School,ChIJ9USprhvoXEgRXp0xAEd8Vg0,M,42,75.9,314,255,14.1,0504-31299,CmRaAAAAjy5zMpuEs5Sls0la3VVmhiKHGXB5R2oC5KYRkgG7Ijj7jOOdi_H5LF721HL2pBTNUCxHQ_0Av7fKXsAC35G32IoMloe0OeMGP7yIEbF_zOGAoI32Yqm-jAtVI-z6mnymEhCgSIFqO35OPy1e0ownE_AbGhQId0wyab99woOYWhlsSCYaKj7UeA
190,178,"Patrician Academy, Mallow, Co Cork",Patrician Academy,ChIJ4YP25le5REgRw5ouctqSSWo,B,49.3,83.9,465,0,14.1,022-21884,
234,280,"Patrician High School, Carrickmacross, Co Monaghan",Patrician High School,ChIJ1ckK7SWyYEgRi-2L4VTYMJw,B,45.3,90.5,561,0,16.5,042-9661525,
365,,"Patrician Secondary School, Newbridge, Co Kildare",Patrician Secondary School,ChIJa78k_giAZ0gRQSn9DfJNNs8,B,36,62.4,890,0,15.1,045-432410,CmRaAAAA1V8y_7NrV5Zf7GwZieInxREev9RTGXhIhtCrPhf5Wp4Pe6hUEm1iXIpZyhLCFR0fjpvepePGtBXNmBfhARs2NHBeKrvrGYvJvXSuSxkTdnir0mFygYNVMC9WyHIJMRYwEhD1JE2ldgzr47kJHZ-o5zU0GhTF5vUAopjo5bP0TemL5ui61eRpLA
100,90,"Pobalscoil Chorea Dhuibhne, Bothar an Spa, Dingle, Co Kerry (G)",Pobalscoil Chorca Dhuibhne,ChIJe1TpCcT7T0gRsMST_Z4Eeug,M,60,83,207,177,8.8,066-9150055,
321,273,"Pobalscoil Inbhear Sceine, Kenmare, Co Kerry",Pobalscoil Inbhear Scéine,ChIJPXbKpatsRUgRBYqOu1qwzZg,M,39.2,77.7,243,235,12.8,064-6640846,
373,,"*Pobailscoil na Trionoide, Youghal, Co Cork",Pobalscoil Na Tríonóide,ChIJwyAZ5qJtQ0gRi0jF676agl8,M,35.5,76.8,463,455,14.9,024-25836,
269,288,"Portmarnock Community School Portmarnock, Co Dublin",Portmarnock Community School,ChIJTW5F1OgaZ0gRetxSKypfEVc,M,42.4,88.4,498,418,16.4,01-8038056,CmRaAAAAX_GuCBz0yKR1USSR-KDJesZjBJ7STGLZyEsqgxLpkttxusejwzVItXDKNkbrQ5oW9mY4HpCcmBy_KjtY2uxIba40s-T36K2X6gk81JREsJs9leWvyvu9s6OVgL5xo83cEhDo77jPZFrMZMW2EmBJ0oNKGhSJ8J0r-eleU_oGK16LdyBwBrBNlA
378,300,"Portumna Community School, Portumna, Co Galway",Portumna Community School,ChIJ2YSPXXKKXEgRFExJDjQzzLg,M,35.2,80.4,228,217,13.1,090-9741053,
7,3,"Presentation Brothers College, Mardyke, Cork",Presentation Brothers College,ChIJj8U0XT2QREgRfNm-mCxmupo,B,83.5,100,705,0,18.8,021-4272743,CmRaAAAA5bDIg7BLwjLCE20bo607cM4LzxpJdWh8iCah3xQy90LFuu-P84-In-Oqig1cGDdGv0I6h3i4idRSCtkUd_1celkAXTlJhlZ_Bb5gkcB4_8sKrNROqurJ6Al41TKskgJ4EhDF5WK3sifIbFsbC7Bqbs28GhRwdkj7KH21IGORfu_SZdSNPCYfIg
58,49,"Presentation College, Athenry, Co Galway",Presentation College,ChIJX9rFWhSJW0gRe93uPjJG1k4,M,65.4,94.6,613,545,14.4,091-844144,
138,163,"Presentation College, Tuam, Co Galway",Presentation College,ChIJLfUnfLX2W0gRzzV0j36NSX8,G,54.3,74.9,0,434,14.4,093-24575,
210,197,"Presentation College, Headford, Co Galway",Presentation College,ChIJieyRvN3rW0gRHUqI1eZmvwk,M,47.3,86.1,402,369,14.6,093-35408,
51,46,"Presentation Secondary School, Listowel, Co Kerry",Presentation Secondary School,ChIJqRzSkwDRWkgRmj0aEapLrnU,G,66.8,98.1,0,308,13.3,068-21452,CmRZAAAAKHpL67B2vkiodsJp0lZ1AHqBtG-b3sIsKRYB7UIT1OvEfiY5u1oYKydeRHvor16ipD8ZQBDM2E9wHbsO5K-t6KtofVsOs--GYiyDL8JOL7-xP67oJi8IjKS4I3QmUUfWEhDKDLTJSDF9ZhvW3xxzonzTGhRkj1d3Ci5IuyPkmbXd1ed9b0eXZw
79,189,"Presentation Secondary School, Mitchelstown, Co Cork",Presentation Secondary School,ChIJbayy6hRXQ0gRUkAuZimnbDs,G,62.1,91.6,0,258,13.1,025-24394,CmRZAAAAKHpL67B2vkiodsJp0lZ1AHqBtG-b3sIsKRYB7UIT1OvEfiY5u1oYKydeRHvor16ipD8ZQBDM2E9wHbsO5K-t6KtofVsOs--GYiyDL8JOL7-xP67oJi8IjKS4I3QmUUfWEhDKDLTJSDF9ZhvW3xxzonzTGhRkj1d3Ci5IuyPkmbXd1ed9b0eXZw
109,133,"Presentation Secondary School, Loughboy, Kilkenny",Presentation Secondary School,ChIJETlhUpYwXUgRSI2v95ri6FI,G,58.4,86,0,717,16.1,056-7765684,CmRZAAAAKHpL67B2vkiodsJp0lZ1AHqBtG-b3sIsKRYB7UIT1OvEfiY5u1oYKydeRHvor16ipD8ZQBDM2E9wHbsO5K-t6KtofVsOs--GYiyDL8JOL7-xP67oJi8IjKS4I3QmUUfWEhDKDLTJSDF9ZhvW3xxzonzTGhRkj1d3Ci5IuyPkmbXd1ed9b0eXZw
128,113,"Presentation Secondary School, Tralee, Co Kerry",Presentation Secondary School,ChIJH5E2Z05SRUgRY1Q3WLyhNsE,G,55.6,82.7,0,647,14.5,066-7122737,CmRZAAAAKHpL67B2vkiodsJp0lZ1AHqBtG-b3sIsKRYB7UIT1OvEfiY5u1oYKydeRHvor16ipD8ZQBDM2E9wHbsO5K-t6KtofVsOs--GYiyDL8JOL7-xP67oJi8IjKS4I3QmUUfWEhDKDLTJSDF9ZhvW3xxzonzTGhRkj1d3Ci5IuyPkmbXd1ed9b0eXZw
166,150,"Presentation Secondary School, Thurles, Co Tipperary (B)",Presentation Secondary School,ChIJvZRMf8fEXEgR2SsmVpx7kj4,G,51.7,79.5,,660,13.9,0504-22291,CmRZAAAAKHpL67B2vkiodsJp0lZ1AHqBtG-b3sIsKRYB7UIT1OvEfiY5u1oYKydeRHvor16ipD8ZQBDM2E9wHbsO5K-t6KtofVsOs--GYiyDL8JOL7-xP67oJi8IjKS4I3QmUUfWEhDKDLTJSDF9ZhvW3xxzonzTGhRkj1d3Ci5IuyPkmbXd1ed9b0eXZw
286,306,"Presentation Secondary School, Grogan’s Rd, Co Wexford",Presentation Secondary School,ChIJJ8hBMV0baEgRJBoP6LRVST8,G,41.2,70.8,0,796,15.8,053-24133,CmRZAAAAKHpL67B2vkiodsJp0lZ1AHqBtG-b3sIsKRYB7UIT1OvEfiY5u1oYKydeRHvor16ipD8ZQBDM2E9wHbsO5K-t6KtofVsOs--GYiyDL8JOL7-xP67oJi8IjKS4I3QmUUfWEhDKDLTJSDF9ZhvW3xxzonzTGhRkj1d3Ci5IuyPkmbXd1ed9b0eXZw
290,340,"Presentation Secondary School, Miltown, Killarney, Co Kerry",Presentation Secondary School,ChIJ7zVqI2VIRUgRsLue62N5sto,M,40.8,75.9,247,315,14.4,066-9767168,CmRZAAAAKHpL67B2vkiodsJp0lZ1AHqBtG-b3sIsKRYB7UIT1OvEfiY5u1oYKydeRHvor16ipD8ZQBDM2E9wHbsO5K-t6KtofVsOs--GYiyDL8JOL7-xP67oJi8IjKS4I3QmUUfWEhDKDLTJSDF9ZhvW3xxzonzTGhRkj1d3Ci5IuyPkmbXd1ed9b0eXZw
393,377,"Presentation Secondary School, Clonmel, Co Tipperary",Presentation Secondary School,ChIJG76HNuYxQ0gR4UBXdmwvTbY,G,34.4,61.6,0,460,13.3,052-6123587,CmRZAAAAKHpL67B2vkiodsJp0lZ1AHqBtG-b3sIsKRYB7UIT1OvEfiY5u1oYKydeRHvor16ipD8ZQBDM2E9wHbsO5K-t6KtofVsOs--GYiyDL8JOL7-xP67oJi8IjKS4I3QmUUfWEhDKDLTJSDF9ZhvW3xxzonzTGhRkj1d3Ci5IuyPkmbXd1ed9b0eXZw
160,229,"Mean Scoil Naomh loseph, Castleisland, Co Kerry",Presentation Secondary School Castleisland,ChIJp9gLfAQuRUgRyqPyYPMfLug,G,52,88.9,0,197,13.2,066-7141178,
155,118,"St Joseph’s Secondary School, Miltown Malbay, Co Clare",Quilty National School,ChIJrwbtUNYCW0gR_IPmS0I1JHc,M,52.5,77.3,159,136,13,065-7084311,
43,32,"Rathdown School, Glenageary, Co Dublin (B)",Rathdown School,ChIJfdBx3CwGZ0gR2xPZc_h2D1E,G,68.6,89.1,0,275,16.8,01-2853133,CmRaAAAAPe7CF7QBtTqtn_TNwVNr3K3iHl8roXwuKQ_ZPg-mrR48QbbiYY_112pBwCaAaTsN_Ex0E1FXuWvmGDWVgq4i8AV2DGInYK6wLjJg2peR2EFAqc4_s57n1JgAREEgykHqEhAWG4ElmHGdTD6TshJxPzRZGhSaLYDq6xQODY_nbIZiriTLZ9yFRg
346,,"Rathmines College, Rathmines, Dublin 6",Rathmines College,ChIJq31lIx0MZ0gR_uek0Ecfcog,M,37.6,50.2,47,55,,01-4975334,CmRaAAAApIyFilZUjT8FfJP2NHVqi6qPLj1gSAN0xu5lmYzazK3EpRGHmMkuKIqf4iq9yAxbB7Jto0wNIapV7lAwUtnndCjaKYJIbkhafvzO9lIeatQtR7DSx_oLaYNd0iQVVB32EhCTUI5ZU75tkdD9MCTeDZZdGhT-TXMPWmN577FjRd3M05YwujVfPA
219,218,"Ratoath College, Jamestown, Co Meath",Ratoath College,ChIJn6M3YhNrZ0gRquqq8EfqXo4,M,46.4,83.3,577,473,,01-8254102,
56,41,"Regina Mundi College, Douglas Rd, Cork",Regina Mundi College,ChIJT3FD51OFREgRSM6MGK-bZYc,G,66,91,0,555,15.8,021-4291681,
89,93,"Rice College, Ennis, Co Clare",Rice College Secondary School,ChIJE74IJTJtW0gROJW0V1uuTyk,M,61.1,94,387,254,16,065-6822105,
374,327,"Rockford Manor Secondary School, Blackrock, Co Dublin",Rockford Manor Secondary School,ChIJh1EtkpEIZ0gR1lMjFQUd-zc,G,35.5,74.8,0,305,12.4,01-2801522,CmRaAAAA7huyviEx_ahCiJRfr-ZV1q8fuV1b93OZZ3YYgnksy6qNH36ZZjgzkxa5ZrBfMdkjtqRkCTHIoxVSoFKqWsqpQJt5q1EK0YhB2TFE-gybHhsIFFRft8Oz-VTucip0rbIbEhCePwt-eZywId8biIE09-mJGhQcB6yDreXJQSt_N3sh9pZAo3LXYA
111,256,"Rosemont School, Sandyford, Dublin 18",Rosemont School,ChIJnSeL45kJZ0gRig6Xpxf4Iw4,G,57.9,93.3,0,143,17.7,01-2078007,CmRaAAAAv8d3-IA-dOnct5eX0WTvjpOwZt8vhGlcWoczoP1Pm9rixLiM6liqOdlyLACIQgEUZZjT5h6uw6jX8hH21wu5biOa72CrY09wwGDqOIPm6rNgYZl3T3WVBPgK7dPh6JR0EhD_ro1kSLMwPaedu3ZrZMOQGhRe8pHXBKz4LD10gNQ2X8LEIKpcLQ
262,190,"Royal School Cavan, Cavan (B)",Royal School,ChIJWWwc8TEMXkgRC-bhBentKdk,M,42.8,81.5,135,94,14.3,049-4361605,
145,104,"Sacred Heart Secondary School, Tullamore, Co Offaly",Sacred Heart School,ChIJzTVF1JqlXUgR3PN0Ly1KJnY,G,53.4,85.5,0,638,14.8,0506-21747,CmRaAAAAAARJcEqiU29jNklgnkT-VjVml9AM5zr4AiLvtuJZVO7ovCbHXXnfFw0JFOUbOQsFOSVQZqkG4YKBh6s--Xt_Oxh-cskDZVIbGi1PEQRt-35RLKr5bkPlc11Gg0o9ddpsEhA6_o9wigvIwxaBnNEf1MUEGhSFL3Mm8jwPVhKtAASLmn4SWpzTrg
243,177,"Sacred Heart School, Westport, Co Mayo",Sacred Heart School,ChIJ6YWn-phkWUgROwULEvJ-vSQ,G,44.6,76.4,0,563,14.8,098-26268,CmRaAAAAAARJcEqiU29jNklgnkT-VjVml9AM5zr4AiLvtuJZVO7ovCbHXXnfFw0JFOUbOQsFOSVQZqkG4YKBh6s--Xt_Oxh-cskDZVIbGi1PEQRt-35RLKr5bkPlc11Gg0o9ddpsEhA6_o9wigvIwxaBnNEf1MUEGhSFL3Mm8jwPVhKtAASLmn4SWpzTrg
175,120,"Sacred Heart Secondary School, Drogheda, Co Louth",Sacred Heart Secondary School,ChIJ0ddXmiU6Z0gRPOL9oeI9y5w,G,50.4,83.1,0,599,16.4,041-9837812,
97,75,"Sacred Heart Secondary School, Clonakilty, Co Cork",Sacred Heart Secondary School Clonakilty,ChIJ7xZKUOFWREgRWGdxwxo95Vk,G,60.3,89.2,0,537,14.9,023-8833737,
115,176,"St Anne’s Community College, Killaloe, Co Clare",Saint Anne’s Community College,ChIJmagn7_GeXEgRJ4XoYK-9d0g,M,57.5,84.3,262,298,,061-376257,
345,,"St Brendan’s College, Belmullet, Co Mayo",Saint Brendan’s College,ChIJ_UpVfGmoWUgRSP6zCI0f7B8,M,37.6,68.3,175,168,,097-81437,CmRaAAAAneGPxB6NPbg1uZFeNi406yWnw80ehY5guUnC1AkmmjqkCHyRIqqlrA8ZhkgYdK0O6i-fBE4Tqywit_V1lJ2UvKq5a9bRODFCfPI5UetyTvl15If4t1rG2545dow3qAhwEhCrUZlQAGaPy3_KBzpDYkszGhSXN_df6by7JAT7wHuNMTx-GSFB6w
335,,"St David’s Secondary School, Greystones, Co Wicklow",Saint David’s Holy Faith,ChIJN61BliuvZ0gR-NWXzqEv2pY,M,38.5,80.9,344,218,14.1,01-2874800,CmRaAAAA4KAxNK9k-WYP6qTQFo8XyPHailoqtIURJmiJJqPxh6EMHoFGb5-p4C4Jwh5CIeYiAoCU1Dh44BfwnhAVbf9u7IpvdovGvW224y5V-cz0A4iWs-GYveaN503nBznAXJnaEhDJIuRkgQq1pjiNMoPNujWnGhRrYWABVLCT9_AqC97POhXshbrPZw
197,245,"St Flannan’s College, Ennis, Co Clare",Saint Flannans College,ChIJhcP07CoTW0gRYn-qvBOt_LM,M,48.7,78.9,827,364,16,065-6828019,CmRaAAAAQ-CtEAJvHmGFVIhtJnl5aFcEpAts0lmV_9vCrF7eoS7gsiFgdOhWTQuA0pyaisibw64MfycGV8xnrQ1mVUmF_AmgxUjxhUPenkh3GDkq-dC2jWsPLmFk2tIORqsDy2cGEhA6GmmlAvV7XwgC8uNnKTMVGhR823wTWJEa_A36ymDkiWxvDkWT2w
46,35,"St Joseph’s College, Nun’s Island, Galway",Saint Joseph’s Patrician College - The Bish,ChIJwaDCa_qWW0gRbdl7NTkKK0Y,B,68,96.5,758,0,15.6,091-565980,CmRaAAAAYaofXqHklWY7nnro9rM1JOjGyyEnIx_TBWSbwqvJxq-ATXzsfErCqcmgC710nQ1FTV0vMC2rfdNUuo65jpMxPF8MxtbYbcfiHLYZAabXsSZo-OltRnx1jvrqFzjg6ZjZEhCvFCC7eQudubz7aPSbgB6jGhT0RoT1OVKYIINwxu2LujLOUAaSgQ
142,155,"St Peter’s College, SummerhiN, Wexford",Saint Peter’s College Secondary School,ChIJrbzUybEPZ0gRxIduSWzoC90,B,53.6,90.4,773,0,15.9,053-42071,CmRaAAAAD_s-kYCIHjp6DlhGmyOM7HJ81dy8nF7HaRqNUOuiyqyG2RHC51uflH7n9XVt7ayfc2uQFLfJcAGDqdNCwJZrwLBEDIIpp7FV1AVaiW87UHcCVxlJk6wEplMCcgvcpmSOEhAdRSUncjJwaZZtF0zeBXSCGhQ7HZaFL6GD4eVW2uI3mK4QRlhWGQ
3,8,"Salerno Jesus and Mary Secondary School, Salthill, Galway",Salerno Secondary School,ChIJVe5SpUuWW0gR_fugIp3hTdM,G,87.1,99.5,0,673,16.2,091-529500,CmRaAAAAk32Vbe6tn6v8z_7h9Bh4p0MUo4IZM19onq9QbNzTdkrcCGfm3dChYrvXHSNydvOz_stgfu_XzEKneUrRV41YTgFUVUjSGoeEE4kSMGGHIWTxruDN-00Tk9UfiSkjx_lIEhD0IjmdSv2QvyuKdFX-Z1TvGhS_ku91GMRHT5nN4kM7IqMs0h_8Ig
195,187,"Salesian College, Celbridge, Co Kildare",Salesian College,ChIJ4wQpvrRxZ0gRnyyorotH-Ss,B,48.8,80.4,687,0,13.4,01-6272166,CmRaAAAAQ47Tprj-T46wXB-X_t52cdnRFn71t-cjlDiPR-vF_-FFh3hglFRVcw8AmJVZ7-0WEIIKCaqwYVaGCjlYSkI3nu_lDYwPYxLsOZFahaYXcANKbZzpKo1DyH9GiTdxF1lJEhBzFBeQDBXEfKuGxUMZRQqAGhT4qq8qi_-__l4FUzZJ9zwWmZt2KA
270,363,"Salesian Secondary College, Pallaskenry, Co Limerick",Salesian Secondary College,ChIJNZMwSdlAW0gRRKibE1JgLoM,M,42.4,79.8,328,375,16.3,061-393105,
292,271,"Sancta Maria College, Louisburgh, Co Mayo",Sancta Maria College,ChIJc0mF94yBWUgRd3qfYMTlRTo,M,40.7,76.8,205,200,15.1,098-66342,CmRaAAAA4PW04iAp2GAVkbwDkmjCFM9Ey-KsOnHSEXWzD0_dL0TTBWWn1Hx-LUzMkYcAnFJ5AGNutE4s3dSmmboDH4LzdvW1mq9vFBK3qNXqCXyt1Ea3qgVdzF9g_jxMV_BqT_BYEhDJPsRc3eRt1hClEQVccFmtGhRW1hFArwi64yAWJRgiuWOBhRJHeA
52,61,"Sandford Park School, Ranelagh, Dublin 6",Sandford Park School,ChIJEw-t4K8OZ0gRtXXrNoS5rUg,M,66.8,95.8,218,101,17,01-4971417,CmRaAAAAVFkiFsSYyXGdKfVdr45wHFeGGIrpv_K8O5XLOp9_YU6gv1BQOjlbMwyoiSyk_NW7kwkB7OLaTaBnsG2cchCVBMtZgI74DcB2C0nwd_xicuXx5nznYb14omHevZ7drqXbEhB6BZyE8toIGONKrvhYA6ajGhQjfe1bGCcDopo9ENyju5fmqHe5dg
66,100,"Santa Sabina, Dominican College, Sutton, Dublin 13",Santa Sabina Dominican College,ChIJt05F690EZ0gRoGGvRpEnJuw,G,63.8,92,0,671,16.9,01-8322200,
329,253,"Schull Community College, Schull, Co Cork",Schull Community College,ChIJUe_ZFG-ZRUgRrU6PefBhAJs,M,38.8,73.8,221,184,,028-28315,CmRaAAAAUSPTPZORTaWudsdoTIxBHegRabo2wniSaEHBF5nRt8Sr-lsZneJ4gX8iMN_UjzDNy33YogW2xzKNyKpIpsxPxriZ_RPTk3cxKmiaJeQEOtZ4O60Yx5yrUrNUzxSYlgOeEhDecFs3AxLt3h1advaH41rTGhToPO-w0oU9SZ7vA35Gz4R9CtdnrA
337,380,"Mean Scoil an Chlochair, Kilbeggan, Co Westmeath",Scoil an Chlochair,ChIJYyUvNIu6XUgRdsvmKoxVH6s,M,38.4,83.7,263,259,13.5,0506-32292,
144,116,"Scoil Chaitriona, Glasnevin, Dublin 9",Scoil Chaitríona,ChIJBwXZZXIOZ0gR_EPT9uMQNL8,M,53.5,77.8,175,238,15,01-8370762,CmRaAAAAsTFx9vtCFKssvP56dUwUEsYqXEi7pi8VAO3Z7hM8MMjBAvjTdVEDlE0Ax7E4bpSXLUEugMIRE2vLzNdr7Z01qqmvI-0_G0uuR5ZQI422PS0VWur7mqmbPLHT2mo56pNeEhCE4T9J2tJlTQa5dLHlai-YGhT3aHteJoSx1IhnzOQCipagDK7JTQ
228,278,"Scoil Chriost Ri, Portlaoise, Co Laois",Scoil Chriost Ri,ChIJFRgNzcsNXUgRjn_jM7faALI,G,45.6,74.4,0,976,17.3,057-8668002,CmRaAAAA1unqYx9hTS0M97AYKE5OwOG8FzzpN6Vm0QHTp_bDguYkn9bZvSQ4j959OmUr5e7k02XvM6ltO4VLirzpPn8-c59Zh5aBfVtdxJ5wGGxFF30NlI74O517Pa2dJbwdvIRjEhB_TYBVawSUQLox4W8I8wfjGhRKtWJGBGMtbuDG4wWN9KVTQ8bRVA
95,123,"Scoil Chuimsitheach Chiarain, Carraroe, Co Galway (G)",Scoil Chuimsitheach Chiaráin,ChIJ7V0xwapMWkgRXTN2HWoX8Y8,M,60.7,87.9,148,149,11,091-595215,
237,260,"Scoil Dara, Kilcock, Co Kildare",Scoil Dara Kilcock,ChIJwy6jzfpyZ0gRyyf25XhQKrQ,M,45,73.1,437,417,15.5,01-6287258,
65,34,"Scoil Mhuire, Ennistymon, Co Clare",Scoil Mhuire,ChIJx5nsa9YFW0gRdJM4QsOOGvg,G,64.1,88.6,0,254,12,065-7071224,CmRaAAAA46WAwdLvM6sOr9GK4tQWvxMn_YP9xL5PnZk14tQnux1x19xCGX9p0Jf18ubqTXLnPW66YRcXcjuPF82-oAEeI2Cpe93RpBBnvvoMkhTWJIHOvE1bgEqnrbStJokrGQNbEhBlwO6zuWdI3CVbME5TnSe4GhTnf2KM6wLueocINaQtjXgxvXhIaw
112,153,"Scoil Mhuire, Ballingeary, Co Cork (G)",Scoil Mhuire,ChIJf8d05l0bRUgR0TefNrXeW8Q,M,57.8,90.9,52,67,,026-47050,CmRaAAAA46WAwdLvM6sOr9GK4tQWvxMn_YP9xL5PnZk14tQnux1x19xCGX9p0Jf18ubqTXLnPW66YRcXcjuPF82-oAEeI2Cpe93RpBBnvvoMkhTWJIHOvE1bgEqnrbStJokrGQNbEhBlwO6zuWdI3CVbME5TnSe4GhTnf2KM6wLueocINaQtjXgxvXhIaw
136,186,"Scoil Mhuire, Trim, Co Meath",Scoil Mhuire,ChIJ_YIPtxteZ0gRDOJgwEOo4d4,G,54.9,86.7,0,772,17,046-9431439,CmRaAAAA46WAwdLvM6sOr9GK4tQWvxMn_YP9xL5PnZk14tQnux1x19xCGX9p0Jf18ubqTXLnPW66YRcXcjuPF82-oAEeI2Cpe93RpBBnvvoMkhTWJIHOvE1bgEqnrbStJokrGQNbEhBlwO6zuWdI3CVbME5TnSe4GhTnf2KM6wLueocINaQtjXgxvXhIaw
167,161,"Scoil Mhuire, Ballinasloe, Co Galway",Scoil Mhuire,ChIJCQ5Shn5CXEgRCSfUNqADxpU,G,51.5,86.8,0,483,11.6,090-9642206,CmRaAAAA46WAwdLvM6sOr9GK4tQWvxMn_YP9xL5PnZk14tQnux1x19xCGX9p0Jf18ubqTXLnPW66YRcXcjuPF82-oAEeI2Cpe93RpBBnvvoMkhTWJIHOvE1bgEqnrbStJokrGQNbEhBlwO6zuWdI3CVbME5TnSe4GhTnf2KM6wLueocINaQtjXgxvXhIaw
233,258,"Scoil Mhuire, Carrick-on-Suir, Co Tipperary",Scoil Mhuire,ChIJmVoqWuTWQkgRGRGKxDqnejY,G,45.4,92.5,0,448,15.6,051-640383,CmRaAAAA46WAwdLvM6sOr9GK4tQWvxMn_YP9xL5PnZk14tQnux1x19xCGX9p0Jf18ubqTXLnPW66YRcXcjuPF82-oAEeI2Cpe93RpBBnvvoMkhTWJIHOvE1bgEqnrbStJokrGQNbEhBlwO6zuWdI3CVbME5TnSe4GhTnf2KM6wLueocINaQtjXgxvXhIaw
114,128,"Scoil Mhuire agus lde( Newcastle West, Co Limerick",Scoil Mhuire agus Ide,ChIJlQXGaPMxW0gRt9tukipis3A,M,57.5,87.8,289,300,18.6,069-62443,
2,5,"Scoil Mhuire, Sidney Place, Cork",Scoil Mhuire College Cork,ChIJXazphg6QREgRo-wW98SI68A,G,89.6,96.6,0,389,19.3,021-4501844,CmRaAAAAHv5ckVRv_JeqFy7-rDZY6RUvzIIyiYxE4HjIWRMZlJ08lffXRIdqwMGGa6X_WhGS8_IRZmW1ue8PazYvSPQ2QSoVhE7xI4FjEDB0fUHrvswKVsXthHd9YQ1d2O4o_-BqEhB_DYSrEDJZH0LgOITiy8CVGhTeoxLIXehHom10lCPCuWBU4xEkig
327,388,"Scoil Mhuire Community School, Clane, Co Kildare",Scoil Mhuire Community School,ChIJUXO_J1AOZ0gRyloY3xqBng8,M,38.9,70.6,579,567,16.2,045-868121,CmRaAAAAZH4NVCyLDsp9uyAP8LawViciwJz5hf1fq36QkcczGf4P6nOfYm4ZvSMEeUJvPr-E-DMGCY9ZBFkbl4K1qHoO0p3yw6ag1Kbgr9nulw_fRxiyNRCqjMqGylhXzKbEPxlrEhCPgqgVcEZWvjX5azmx_GJdGhQcm_L8Vi99sw3whSHOx4U0VbIrrg
242,237,"Scoil Mhuire, Kanturk, Co Cork",Scoil Mhuire Kanturk,ChIJ_4_7r5zFREgRzg1guy7YtkM,M,44.6,82.9,113,144,13.4,029-50807,
369,,"Presentation Secondary School, Ballingarry, Co Tipperary",Scoil Mhuire Presentation Secondary School,ChIJydmxXCzWXEgRaP1ac3xRlCY,M,35.7,84.8,119,98,12,052-9154104,
265,227,"Scoil Mhuire, Strokestown, Co Roscommon",Scoil Mhuire Strokestown,ChIJxQDTnNcnXEgRqqu9ixA6R_0,M,42.6,83.3,275,236,14.5,071-9633223,CmRaAAAA46WAwdLvM6sOr9GK4tQWvxMn_YP9xL5PnZk14tQnux1x19xCGX9p0Jf18ubqTXLnPW66YRcXcjuPF82-oAEeI2Cpe93RpBBnvvoMkhTWJIHOvE1bgEqnrbStJokrGQNbEhBlwO6zuWdI3CVbME5TnSe4GhTnf2KM6wLueocINaQtjXgxvXhIaw
163,144,"Scoil Muire agus Padraig, Swinford, Co Mayo",Scoil Muire agus Padraig,ChIJ54H_QZdNWUgRJ9AX3UEp5-Q,M,51.8,85.6,162,176,11,094-9251481,
107,130,"Scoil Mhuire gan Smal, Roscommon",Scoil Muire gan Smal,ChIJ25b9X7I8XEgRrKE3KVekcqI,G,59.2,88.6,0,560,15.1,090-6626321,CmRaAAAAe8Tu7FCesxD_Hp3mptvehzWko10fx_ptX3HZDDu6kaamzNGTBsE1NBauj3Xhb2An8R0-835H1E_rHt1YVlXFGDeex3ih1EeT7ssRZR5npNPndDjco9AWL7zG6YrH5Sb0EhDLQy_efUVjgQ64PaL3YfxrGhQylT6xFG1QFx-idaiZyY_5k2U70w
271,319,"Scoil na mBraithre Chriostai, Charleville, Co Cork",Scoil na mBraithre,ChIJO732WxKzREgRsEIDKzHwcs0,B,42.3,73.7,327,0,14.2,063-81789,
258,270,"Scoil na Trionoide Naofa, Doon, Co Limerick",Scoil Na Tríonóide Naofa,ChIJmzHkVUKlXEgRUjhq5WTINYU,M,43.2,77,272,324,13.3,061-380388,CmRaAAAAePue206dRwVjE1KSExTYTfTw5NBYtdoL8Mq7vy-_z3t7iOWw6tAvF1DLDv0nHqU9tCBHELW2Lsu62Bez3otWtr2ggui1AQ2xojvyhvZorBbpt2QrilZJwoKGvMWBawhjEhCRRktMhLbdDwlOAW3THB3hGhR8pLG27uNMu8Xd2mZAa_SaaN16Nw
129,94,"Scoil Phobail Mhic Dara, Carna, Co Galway (G)",Scoil Phobail Mhic Dara,ChIJ28nUxhtIWkgRU4djdrrm1Vo,M,55.5,77.8,43,44,5.6,095-32245,CmRaAAAAtRGF40BlYXuKoYOLFvModMnr-nfl1F1N3tRp2eqnMILIiF8xxOtijDAQGwB290tcepEi3jZmMyCs2wMQGjdOjadRD-bXbEt8H_wEx_1XA3xbjXJwYcRgyAS_w8hA4z2lEhAcEvzVxOfUfPvcBRyEXBfPGhRgSTArBx3Rk-yJT1coIVjaYVyH1w
260,232,"Scoil Phobail Sliabh Luachra, Rathmore, Co Kerry",Scoil Phobail Sliabh Luachra,ChIJby7j7NUgRUgRiM1BJ8ZmYBY,M,42.9,78.8,233,181,13.1,064-7758135,
164,223,"Scoil Pol, Kilfinane, Co Limerick",Scoil Pol,ChIJ-wFrRXarREgRqGjv5zIoUE4,M,51.7,88.8,159,176,14.2,063-91197,
78,89,"Seamount College, Kinvara, Co Galway",Seamount College,ChIJWYW7HQucW0gRNplOhnHCbEA,M,62.2,82.1,181,222,16.5,091-637362,
220,206,"Skerries Community College, Skerries, Co Dublin",Skerries Community College,ChIJY66CO6cYZ0gRTHRN8q8onVo,M,46.3,81.4,517,417,,01-8490011,
178,171,"Sligo Grammar School, The Mall, Sligo (B)",Sligo Grammar School,ChIJs5ENR0roXkgR1pJCqqqV-wc,M,50.2,74.5,261,191,18.2,071-9145010,CmRaAAAAvqmaNgUV2jr-WdGTnBijXFbzo_Qkdm9CiTSPlQBi4NT8RBl7piudv3ZduTk-RNiRxgMifaJJ2LnYofjRbLWhqE5LuaUheWSLG0GC1Op__a7os7ZJt4OccQyVTP7xt7YTEhCnzUpMDyWVlSWqGh0-fTijGhSByNbluQeD1hr1jjhSKKKg9ZjrvA
390,,"St Aidan’s Comprehensive School, Cootehill, Co Cavan",St Aidan’s Comprehensive School,ChIJ5wwTwiQdXkgRGlX2tLQ7hNk,M,34.6,73.6,255,260,12.9,049-5552161,
76,81,"St Aloysius’ College, CarrigtwohilI, Co Cork",St Aloysius College,ChIJ5fJKwUidREgRclnLei-f5zs,G,62.7,87.6,0,765,15.9,021-4883341,
154,199,"St Angela’s Ursuline Convent, Waterford",St Angela’s Ursuline Secondary School,ChIJow_TgB3EQkgRGKuWvnpfHNQ,G,52.6,95.7,0,906,15.9,051-876510,
272,341,"St Anne’s Secondary School, Rosanna Rd, Tipperary",St Annes Secondary School,ChIJhUBvxGmyXEgRnN7mMSWAncs,G,42.3,68.9,0,341,14.8,062-51747,
200,236,"St Attracta’s Community School, Tubbercurry, Co Sligo",St Attractas Community School,ChIJdfn9apS2XkgRUwWywjl7HBQ,M,48.6,79.1,314,294,14.7,071-9120814,
293,338,"St Brendan’s Community School, Birr, Co Offaly",St Brendan’s Community School,ChIJc0kOMoj3XEgRcVctwf8_Lrw,M,40.7,76.7,485,472,14.2,057-9120510,
289,247,"St Brigid’s Vocational School, Loughrea, Co Galway",St Brigid’s College,ChIJJasMLhh5XEgRXrFDzUQ5Tfc,M,40.8,88.6,315,286,,091-841919,
208,170,"St Brigid’s College, Callan, Co Kilkenny",St Brigids College,ChIJZXwIJBcsXUgRfyYVEUuIRUQ,G,47.5,82,0,227,12.6,056-7725189,CmRaAAAAttgnGWmlOzqBUPKr2o6EFmJ5aT6NFEpd90ZXV2nf7C1fOz-QEPM1n9R1Bs0jSfT_TS3j3XOOs-0ZPVKryogwKvslHJf0-FzXLKz378vI_gWGLBTigADms9YB_qXZIyBaEhDVCk0njFO4WkLGXJcKqa4FGhSdZROCUJdKYEaRXCDTCTAcMDAhsg
254,289,"St Brigid’s School, Tuam, Co Galway",St Brigids School,ChIJh-rbirT2W0gR5KKwtnre9aM,G,43.5,84.5,0,335,14.5,093-24199,
117,162,"St Brigid’s Secondary School, Killarney, Co Kerry",St Brigids Secondary School (Presentation College),ChIJSXIWPwY8RUgRm40U210ND4k,G,57.4,86.3,0,531,15.9,064-32209,CmRaAAAAvRYiiTFk2lF8qQm8jNY9W_3GL-xKYn0TdLwmsjlucg0lxHUvZ-drr8Lxw1XhB64knYZfpGxLiLTWuIP1BM_nyIgLzyb_81ZtQjF5xGPjDg45E1d-PJAHUVJ6D1QoovFuEhAESrOligdXoCQzSD2rgIhYGhTdYduRqRe3g9SG8rr1RD_sSP1qqg
313,298,"St Caimin’s Community School, Tullyvarraga, Co Clare",St Caimin’s Community School,ChIJx_KVGNtBW0gRZ3z4gIaUszM,M,39.6,72.4,354,378,15.5,061-364211,CmRaAAAAIhqHajFA1RXsOTHYKUsmapkMa_yt0KdiglFtbnKZXGf4eO5cyWFsfBuHr4VAw_NOqGypbysdBPB4D_9UKZ_jA06dNL-tHhPngLc2czFWXMDmTfZ5gYvx1oUfI5iFTFysEhBbwY5hFMr6XSEvshKBeCcsGhSA0bugYIHofKTVU-_HLghM72HSCA
363,297,"St Catherine’s Vocational School, Killybegs, Co Donegal",St Catherines Vocational School,ChIJkznXb18aX0gR70po0cvEibQ,M,36.1,74.9,157,143,,074-9731491,CmRaAAAAW15qNwa93MJeAd08lpZZ_HWpQDaAic5E8rPcPLtWIhjnHupFekgsvNpix6pAOkj3GXt07-NhPEtkBrkxHgn0MSmVRcJsRti9WFAPCsUel3dgFF0oE-cxWIVbNOHSCdNzEhAHXSadT6jdr2jd6Dl9MIMWGhQe--lIvKVCxkm2FfbjXC8mjTNpcQ
379,348,"St Clare’s Comprehensive School, Manorhamilton, Co Leitrim",St Clares Primary School,ChIJJUf8mMTwXkgRdUPiFGgb6xw,M,35.2,69.7,258,249,13,071-9855087,
307,311,"St Clement’s College, Sth Circular Rd, Limerick",St Clements Redemptorist College,ChIJt8QHr4NcW0gRpt0IK75R17c,B,39.7,88.3,525,0,13.3,061-315878,
245,188,"Colaiste Cholmain, Fermoy, Co Cork",St Colmans College,ChIJjXHcAj9fQ0gRTMIMfsxjtc0,B,44.2,78.7,442,0,14.3,025-31930,CmRaAAAAYIcLCPqlX6yodIv4iKS8J9RNb28rRNoOjd-XOkCaH24-V4Ovdh0tQJfk4VujoG0WVMt569lUQd722_VrXmG_nRYrXoyD9caSWbQjl8jjRjvoePuG8ISLOwbWdUOvT4-gEhAHSkZeQbgoTnEbDFqnkAaXGhQ5Rw3AutkubD0PwbjtiKp5HC1dzg
185,191,"St Colmc丨lie’s Community School, Knocklyon, Dublin 16","St Colmcilles Community School, Knocklyon",ChIJw2vewwgLZ0gRZyp2b0mEZM4,M,49.7,93.7,352,361,14.2,01-4952888,
47,48,"St Conleth’s College, Ballsbridge, Dublin 4",St Conleth’s College,ChIJMzkwBLkOZ0gRA5h-cnVypzc,M,67.8,98,193,45,19.8,01-6680022,CmRaAAAAzu-AndVGOoThiFD94EbNv-4cSGugFJGpTFrK4J6vvA8FE51k1BmixELyhe_zKTwzaT5o75b-5ZF1oOlzE1YJTd2vKpEk3RqnuRTqH_q1ndklrueCth6ZtzYkG-D_HPqFEhCPyYXWb5-zo-RlNMSDuZpnGhQEYgXYZon6oCQmSHr7mmDTJjdJ7w
213,267,"St Cuan’s College, Castleblakeney, Ballinasloe, Co Galway",St Cuans College,ChIJrXtNFapyXEgRHfMmEcDYoks,M,47.2,80,134,127,12.8,090-9678127,
291,276,"St Dominic’s College, Cabra, Dublin 7",St Dominic’s College,ChIJqRkiJjYLZ0gRuR8rb9_c8tA,G,40.8,69.6,0,858,15.4,01-8385282,
176,181,"St Finian’s College, Mullingar, Co Westmeath",St Finians College,ChIJwWp3xiTAXUgRIHEsFIjG0uw,M,50.3,86.3,372,357,15.7,044-48672,CmRaAAAA9gmgWJQh255FfbDs4HFmtcgdSHVP4bNLJWeUcS_-ZIibY-n5aAdK3bAJKWBZgOWhrOY2CkJ7Tf0_KqvW3ZC1Yui7sJ35rqaaGUJJA_JgO3cBw8qMZ3N5nyJSKtNehqLnEhAMLmDHqEa65Vb4s0uEhLOoGhT1XJO4KZSv1bXYBUY9jRTjHNMqVw
124,168,"St Fintan’s High School, Sutton, Dublin 13",St Fintans High School,ChIJd_Nc6SMFZ0gReIvr5-tzH4w,B,55.8,89.2,706,0,16.4,01-8324632,CmRaAAAAFnFp7ggJXdPOAdzi8U9N1ufxF3MCOK6QeLgBnqeQQzZ5ZbT2nbIFH1OB4K-RbcmGqd5yXIgUbu6UuKP6wf42QazWH2aG_Pr4qZEDiJLOfEA6Y4GH8fem5QYcnyZvmGFvEhATmIKq3wREUhX0X-dxUYOZGhQhKkxvXIyFXZrjog8BwQxmwgGN4Q
49,77,"St Francis Capuchin College, Rochestown, Co Cork",St Francis Capuchin College,ChIJ_____yKFREgRgKZ_COyXejY,B,67.1,91.8,659,0,14.9,021-4891417,CmRaAAAAQRnZcmSBL5LKJ439BH_ZKruyYOOwvS1sPVfK2FJiXuwiNZ9wvylLF1SME2A7GEq5tqM0wNNbOflVtFS7e8-Ya-JqCt63EO9oGuFphZsFOiHBl0c4GT9OrU4dLsYmlxYLEhAqQvSTXXP5001wx1oayDwnGhR6AX9VZ_mI0q07gJRqobcjlNjyzw
68,70,"St Gerard’s School, Bray, Co Wicklow",St Gerard’s School,ChIJnQjIctunZ0gR3VbNOLBwrhs,M,63.4,97.5,350,187,18,01-2821822,CmRaAAAAT_C9raf5RwQplnDgVqg-TgAMO4EFmq0o9Q-te2THPqPhVNzgtgyWOlfsUuYz08y1TXTsZaTWC8UWvzQhhYXUg0AAE0x2B2JX8XoikaZWNdsV2zWhQoPhxCojETUS0vyhEhBohMdGzTt5ZYTB_VyVXAqtGhTNh1h8rWqsBcWCcC61PlX0HJXPHQ
222,215,"St John Bosco Community College, Kildysart, Co Clare",St John Bosco Community College,ChIJIf9CsSc9W0gRv6-AN9fts1E,M,46.1,87.6,103,105,,065-6832300,
113,105,"St Joseph of Cluny, Killiney, Co Dublin",St Joseph of Cluny Secondary School,ChIJo468x9EHZ0gRslE60lRks4I,G,57.5,94.9,0,318,16.7,01-2855027,CmRaAAAAaiHdYNqzAWYeis7X28zSP0nlAMpNHI1KN4cFPLzWj_OaYWIHYCLKqxdMU1u69ZMO39bruuUVPyEoLG9Yb5_qs4qqpm1flx13pHX3dAunUy7cnFQxDyUZrMhHNeuV8U_xEhDUD53qM6ey8vQrmIkFM-7gGhThak2M7WZ_Weqb-Irr-UgV8Y2NUg
253,255,"St Joseph’s College, Athlone, Co Westmeath",St Joseph’s College,ChIJ3ymQ_wBJXEgREEE_oVrtp3Q,G,43.5,89.7,0,163,8.4,090-6492383,
149,185,"St Joseph’s Co lege, Lucan, Co Dublin",St Joseph’s College Lucan,ChIJBec_PvByZ0gRKEabUbbEjtA,G,53.2,83.3,0,866,15.9,01-6281160,
318,259,"St Joseph’s Community College, Charlestown, Co Mayo",St Joseph’s Community College,ChIJ0ydEOUGyXkgRpKDo3w1fmJU,M,39.3,76.3,85,78,,094-9254211,CmRaAAAAxvn5bxSNG-hVtP3B45q5JjrzCjx8xMGCYdK6V1uFWBiZMmf4Qh5_A3qA0aOLzcVg5HaraUGuDwT0xPyWkg-DT5kktT_Nd41DeK9V9OQRf9dzSD5_epGrL-AdqvZ37tZFEhCEuhCllX0SrSJGEoedMCIvGhSgF-0-pPIgCPQuSY8QgvLHiji1rw
34,40,"St Joseph’s Secondary School, Castlebar, Co Mayo",St Joseph’s Secondary School,ChIJR2wof6BdWUgRFuUVUusdRl0,G,70.7,96.1,0,547,18.3,094-9021406,CmRaAAAARJp1CbVFy5pFD0aGoWrdcebhzfkKq5-6ZnTCSCLehafNZGg5p4t8vkJ6NUx5ZMAEVyOB2m1prLAoGhLcvpAiLzBatni72yLQJdS73rRSWrwRk1CufMkL6jZfAlABdPrKEhCrNuJhioe18E2JuATQyApgGhQhl1N9i4CsAdq0sMjpGo1DU1XtPw
209,209,"St Joseph’s Secondary School, Tulla, Co Clare","St Joseph’s Secondary School, Tulla",ChIJn4LK4WFlW0gRBf8ffogwivE,M,47.4,85.9,246,239,14.5,065-6835113,CmRaAAAAmCoU2JHOBulj_-uKc8A31NM1umECzKKVrNxf7xX8_V78TcbfWuEe5bKqOyEdcGwoa3udBrPeGmraEui4v3V7nURZNRBRLbYRpV1WwW7-9RaC-zjYsgkQDgYvKv--72EDEhAkSEscJbTsepI56C3f6sPoGhTLa4nG7Nv-H1bNrC8WLw53mggXJw
214,203,"St Joseph’s Secondary School, Navan, Co Meath",St Josephs Mercy Secondary School,ChIJlaO5U0tbZ0gR8xRoyOjh5cA,G,47.1,76,0,705,15.6,046-9021830,
324,322,"St Joseph’s Secondary School, Ballybunion, Co Kerry",St Josephs Secondary School,ChIJi62FXc3FWkgRtX2O0MYu1UA,M,39,84.4,154,139,12.8,068-27205,
108,114,"St Kieran’s College Secondary School, College Rd, Kilkenny",St Kieran’s College,ChIJnRVndJswXUgROSEySIA6phA,B,59.1,92.8,767,0,17.2,056-7761707,CmRaAAAAREkG0tiD2xO1uxu-1W0W6nFRl7NM1YvTWDtWofaNM-28gls4F0oP69HZ5m_QF8yC93_uIGSLFmfJ3ZdJxmPNCUT5XZao7fPxJA8anC3jDDB7DzV4eIDk-jzvK0Vmd8zREhD4r2Qulk6krf-AGLJox7ZdGhRfW_VMm4gS9qQZWyqIzMVuooUzPw
81,62,"St Kilian’s Deutsche Schule, Clonskeagh, Dublin 14",St Kilian’s German School,ChIJcY7zEjkJZ0gRFHH36MF-f88,M,62.1,88.6,234,138,18.1,01-2883323,CmRaAAAAi8_lkbDQJMdkbJOJtTXr7JLoBfxQ9vI1pcv3aEOPxm5CcOMBbVWHQgJcGuR_wEcklV0u6NJzAaMcpNtmnH7a6vtfgjio0G1LtSiVrgC3Dlo1qYcpBQo6INyl2ZpbzWFdEhDjw37TEcjIgG1KXAgPoAiBGhStJcOwcBdiEDZ4ssjYeDATK0BfSQ
202,211,"St Leo’s College, Dublin Rd, Carlow",St Leo’s College,ChIJ85hjRVZdXUgRV2YR3YBxYmU,G,48.2,78.9,0,1005,16.5,059-9143660,CmRaAAAA-bs_w0GtIPE6p5YZK8yUFJZLFbS1rz7AOPucs8BOGdwGXUjRPxSPoxP-jKUSr6v_RCwUScV1qd4erlta931I1rvTLbYN3g-PopFfCLkHqveix2frQmgZ09qeNZmm6AZBEhCozxzHN_btuQb4tEa3Ll_0GhSRTuO35eUSTELd8msQGVI3RfrSIA
198,169,"St Louis Community School, Kiltimagh, Co Mayo",St Louis Community School,ChIJtUCAQzlRWUgR4upMfO0gRuY,M,48.6,81.7,278,261,11.4,094-9381228,
326,344,"St Louis High School, Rathmines, Dublin 6",St Louis High School,ChIJ80PzXQMMZ0gRSqACTokOwEQ,G,38.9,78.7,0,650,15.3,01-4975458,
126,121,"St Louis Secondary School, Monaghan",St Louis Secondary School,ChIJPw7LHESfYEgRcsLAyI-4pW0,G,55.6,83.5,0,529,16.9,047-81422,
173,148,"St Macartan’s College, Monaghan",St Macartan’s College,ChIJVyzSHESfYEgRpXZ68OvAbHI,B,50.5,95.3,615,0,14.4,047-83365,CmRaAAAAPWa-9F8up3b6VL3w-oTbByWxpDvh_YDz6_Ah8ZwfsW6o56T8arqBe4Cg4u8RpQV4v3n-oDZ4vork9Ly60-ymLq6Gl7KO0x3CyLoOISZFZ_RTvquYESwv55O1bcGNigUlEhB_FWzDW1CLmQb8iVGIuJqFGhSxtr_cBuAtBtFdpg8aRFQ56L694g
174,328,"St Aloysius’ School, St Maries of the Isle, Cork",St Maries of the Isle National School,ChIJ4xpcTxiQREgRMMdUTUkLwe8,G,50.5,82.4,0,313,13.4,021-4316017,CmRaAAAAyVxLSsMwJgHSCe1bIpoSmhhzpRyXkg51_6qFFHpNPsIVZ_FbMuSeqRiXGiLnpXpoXI0pCyVDX_5yJU_A2xQoDlopW-T-xFCVP_c1CC6TfHMk9IrArLLfSTqemhdOQrcJEhD5sICOBVuDVJfO3_YshbSuGhSGSIkT_bdFR11s6ndyENQ5vYo5QQ
282,345,"St Mary’s College, Arklow, Co Wicklow",St Mary’s College,ChIJY0CuOOPDZ0gRqGBUIA0cJs8,G,41.4,78.4,0,595,16,0402-32419,CmRaAAAAWlpV9m-pGbHZiil6S--WjG1UsPZaVZGf2paKzjxf3Jle_DqrcqeaOCu6KuQIqAQz8FhWkRb78UF1OOJCTwSHQo6knce763G7Fgr4Wv9629W3hmS2idImMckQb6EnxiEkEhBHLClRxUtfsOdNq8p2M0iFGhReaDwK5mdYmBbxlQoQoS_z-YTQoA
41,63,"St Mary’s Secondary School, Mallow, Co Cork",St Mary’s Secondary School,ChIJhxXdiFC5REgR89j1PjVFgtg,G,68.8,90.4,0,577,14.2,022-21998,CmRaAAAAtt3bNnH8XRqtzjpOsvqmeNEdSjkKp-w2fyStqmoU5NQFbZb6q0cBdL6X3AnBhtxDTkTy7G8L34_y-nn1j3ZRXkgfO8e4heLDVjRjSmZyIVa2wz3R9o2yBW2BG4YfsrZKEhBUS14nYOUQSyPQhc3vyW0yGhRrwsOwGx2BiAuuqLbEOLSO7-tVcQ
132,147,"St Mary’s Secondary School, Charleville, Co Cork",St Mary’s Secondary School,ChIJeZUf-LgPZ0gRGYsGJYSXIiY,G,55.4,78.6,0,380,13.4,063-81877,CmRaAAAAtt3bNnH8XRqtzjpOsvqmeNEdSjkKp-w2fyStqmoU5NQFbZb6q0cBdL6X3AnBhtxDTkTy7G8L34_y-nn1j3ZRXkgfO8e4heLDVjRjSmZyIVa2wz3R9o2yBW2BG4YfsrZKEhBUS14nYOUQSyPQhc3vyW0yGhRrwsOwGx2BiAuuqLbEOLSO7-tVcQ
90,110,"Colaiste Naomh Mhuire, Naas, Co Kildare",St Marys College,ChIJl5EdVOp4Z0gRZDCA-5sHVVE,G,60.9,90.7,0,1012,17.2,045-879634,CmRaAAAAL6cxuTRzPb_ZA-i0e4eGSkJvOpllCFAIF-TGDHsVIaZ63WcftFmA21zOX0IosO5qBZJ-ujcahE6Bfb1ZfaoAwdzNahPxKTNY9YF6UldTjo0h0vpR_2dyf1N7n-ys4OjoEhAdwXWyNHJTenbqlvw2KZ6HGhR3WdRT0GiUUfD3ddRmOda2hZnzaA
328,342,"St Mary’s College, Ballysadare, Co Sligo",St Marys College,ChIJq3MEyfLBXkgRGrQcEqlYQXY,M,38.8,74.5,114,90,11.6,071-9167579,CmRaAAAAL6cxuTRzPb_ZA-i0e4eGSkJvOpllCFAIF-TGDHsVIaZ63WcftFmA21zOX0IosO5qBZJ-ujcahE6Bfb1ZfaoAwdzNahPxKTNY9YF6UldTjo0h0vpR_2dyf1N7n-ys4OjoEhAdwXWyNHJTenbqlvw2KZ6HGhR3WdRT0GiUUfD3ddRmOda2hZnzaA
334,294,"St Mary’s College, St Mary’s Rd, Galway",St Marys College,ChIJQfHCd_iWW0gR9Vq7cBOPOw4,B,38.6,75.5,403,0,14.1,091-522369,CmRaAAAAL6cxuTRzPb_ZA-i0e4eGSkJvOpllCFAIF-TGDHsVIaZ63WcftFmA21zOX0IosO5qBZJ-ujcahE6Bfb1ZfaoAwdzNahPxKTNY9YF6UldTjo0h0vpR_2dyf1N7n-ys4OjoEhAdwXWyNHJTenbqlvw2KZ6HGhR3WdRT0GiUUfD3ddRmOda2hZnzaA
189,230,"St Mary’s Knockbeg College, Knockbeg, Co Carlow",St Marys Knockbeg College,ChIJV5No3XRoXUgRvyMjnbCtfbA,B,49.5,77.9,423,0,14.6,059-9142127,CmRaAAAAPRZaIFinCxVAC0_n4a6dwj-L-VOEN_ruW1tlYefl10ceAKXs119TLVDLU7MLkBrm8JL-t1ZIE8MTPA-47GLC6H-08zaEFVliTHdnCCrZoR0bAuWC-u1nBW_lYW-cgMYGEhCaW6rW9gFf4zUixihvLA5gGhTv4qjASaoFXD8DDKfzp5cZaeaCMg
80,86,"St Mary’s Secondary School, Nenagh, Co Tipperary",St Marys Secondary School,ChIJpcU6T1uRXEgRQo8aXSDjQi0,G,62.1,90.3,0,523,13,067-31450,CmRaAAAA8VICeFdlJYOU2HimOZxne2CYSNrZdQbwBu8cV4TlcJedfVoeA1SMYjwiWKImPCPhrIdgwPYPjClqCXnGEq5T71YX4y3j0XKv58utlqJDq30T2_mwC2b0xVo7I6qSsnI-EhDXtoXCifPtdDn_aiZ6jS4fGhS4VzPb-B1DNdnLc2w8q83Wnn5-ug
180,281,"St Mary’s Secondary School, New Ross, Co Wexford",St Marys Secondary School,ChIJH0zZuEyxQkgR_WGhAm_2HBI,G,50.1,82.4,0,621,15.7,051-421637,CmRaAAAA8VICeFdlJYOU2HimOZxne2CYSNrZdQbwBu8cV4TlcJedfVoeA1SMYjwiWKImPCPhrIdgwPYPjClqCXnGEq5T71YX4y3j0XKv58utlqJDq30T2_mwC2b0xVo7I6qSsnI-EhDXtoXCifPtdDn_aiZ6jS4fGhS4VzPb-B1DNdnLc2w8q83Wnn5-ug
268,330,"St Mary’s Secondary School, Edenderry, Co Offaly",St Marys Secondary School,ChIJmektSE6FXUgRnjyqVGMinx4,M,42.5,79,384,388,14.4,046-9731457,CmRaAAAA8VICeFdlJYOU2HimOZxne2CYSNrZdQbwBu8cV4TlcJedfVoeA1SMYjwiWKImPCPhrIdgwPYPjClqCXnGEq5T71YX4y3j0XKv58utlqJDq30T2_mwC2b0xVo7I6qSsnI-EhDXtoXCifPtdDn_aiZ6jS4fGhS4VzPb-B1DNdnLc2w8q83Wnn5-ug
389,,"St Mel’s College, Longford",St Mels College,ChIJKwqUOpzTXUgRRpHjT6u-cis,B,34.6,79.1,473,0,16,043-3346469,
257,316,"St Michael’s Community College, Kilmihil, Co Clare",St Michaels Community College,ChIJy7F20t8eW0gR8-WLUxW203c,M,43.3,91.2,89,133,,065-9050021,CmRaAAAAzcDd3F-ub2SGvMzYd5SpCgsDgBfjd2b3rAGTli8V8CkQXgBTFbbPeP577n2YAmw3NZ8CMd0prSxYX8-uFij8DeoT-_ioABUsZa2qN2SLKCC0KfIk3PtbuJkIPZear_ReEhCT7d99Cz2AvAEPxpPCjI_3GhSdWjR8zayRIQ5FjDMrsWDRiGd2zA
295,375,"St Mogue’s College, Belturbet, Co Cavan",St Mogues College,ChIJ00Q8Us0NXkgR6U0m49nshvU,M,40.7,60.3,129,104,,049-9523112,
298,312,"St Munchin’s College, Corbally, Limerick",St Munchin’s College,ChIJpXjIMjZcW0gRskhuYZcxTKw,B,40.4,80.9,626,0,15,061-348922,CmRaAAAACH-8dKa6jkfA0MT8d6MQ7rDAyJsgRqSqEa2Pr0689l0yQ3_O5rHmVY4gN6jw-ZT3Ti30xodYoD9Ws5_HqcBDXsQXqoUHLUrGxuPAfzaMbaKe81Bt-yN6yrE6imFoBUVpEhBeQB48e46gEoBZAoBn6p_sGhTLmS3TVjZzxu2BRqpSwYBTCeT8XA
247,295,"St Patrick’s College, Cavan",St Patrick’s College,ChIJdSs3Q98NXkgRIsvvtI7hLZI,B,44,87.3,649,0,16.4,049-4361888,
281,317,"St Patrick’s Classical School, Navan, Co Meath",St Patricks Classical School,ChIJa1VU50VbZ0gRv4HU_SqSXtQ,B,41.7,78.7,894,0,16.2,046-9023772,
193,201,"St Paul’s Secondary School, Oughterard, Co Galway",St Pauls Secondary School,ChIJc3sSu8TGW0gRYKr9SAhHqdU,M,49,87.5,223,191,13.9,091-552689,CmRaAAAALaQvb-15KpTed0EY6v0tuMmGes9ftdpkHbTRhadV7urk_nLnHnC_Uue7FeB8WnDTuZiJBLyGrCtoyEKpZgq3_s0Fj3fzw9zcVCUjVofiCC9rXmBLmS3aNu8jPp_cTskHEhCBMyHhmxw8-SW-I1ah4vC2GhRSURBq5Jy1SCCUxVmootjsOMGRlA
397,387,"St Raphaela’s Secondary School, Stillorgan, Co Dublin",St Raphaelas Secondary School,ChIJeUmiRhMJZ0gRxXjA827coLE,G,34.1,75.3,0,564,14.4,01-2888730,CmRaAAAA2WxArfu5AYMD4Wfe6C-ALiLrSdevSlED6mX6sdwzoWsssqZ6MKDXC1imAgKFDBGVcSWNu_UmqczToKA0TqnhNwOqgeBdnhjkhfWOuTRkt5vew99seTzcIc2oKObbcNwlEhDvhK3qRhwQ7B7hE7e7MIORGhSrTAUnHxAPSu549Cnm5_quF6uikA
266,224,"St Raphael’s College, Loughrea, Co Galway",St Raphaels College,ChIJPxJqkhl5XEgRzUICQmStj-k,M,42.6,78.5,248,295,16.6,091-841062,
131,127,"St Vincent’s Secondary School, Dundalk, Co Louth",St Vincent’s Secondary School,ChIJF0kWdJ_OYEgRLUHkNEgXInc,G,55.4,88.4,0,917,16,042-9332790,CmRaAAAAWbXCptceLkwSrYiuy9KU05zigq_Vn97RL6DfVRgsLWPpLZtmCPZG1MoV89zVAbPH4T0sfSgTmRVdhl3r7wybca82VWp2dvEhBs262UgT6slsOiksioPx6U6-HT1qA0IoEhCHK4V1ackBqtE4OYBjk0_1GhTOAHgR8Irhpr2b9Xdchg4pF7967w
355,376,"St Aidan’s CBS, Whitehall, Dublin 9",St. Aidan’s CBS,ChIJhw9gehYOZ0gRSVm3W0d8xVA,B,37.1,75,706,0,15.2,01-8377587,CmRaAAAA3IB_YLinQtinq7EybUcDHNLahRQURC-pL6uaoTXZX3o_nNPf1-8dmoebjT5LT1X50yz7VjAMwyRadrOmU4S7bGwGoqSbjfmJkdPICUv0AYdbtK7fGBaYrEwSm-G4r8JDEhDMcqSld7YXNAsYoypkzMdqGhTuPUgJa6BePkFkiqK2jWFn_1pYdw
38,44,"St Andrew’s College, Blackrock, Co Dublin",St. Andrew’s College,ChIJ07tFM9gIZ0gRd87tXEv6POw,M,69.1,99.1,502,484,16,01-2882785,CmRaAAAA7smO2zLcTfQKO70TtsncDfI49DhcDwk8s8PXT5g98vrNG7BEZdGiFYVkNsmmoQKG_kNbxVeDpk59MSl7h-NctCJvUCwABRCqtXzs3Xfwlcyl6EZ22_JJS6CurLZTSvHeEhCx_zA5-d6IhfR9rKdNfHRvGhSQ9EhvwbfJfSxz0SnlnTQiLeoy-Q
134,135,"St Augustine’s College, Dungarvan, Co Waterford",St. Augustine’s College,ChIJFxjZWGkYQ0gRlm6BCBDi_gU,M,55.2,91.7,367,347,16.3,058-41140,CmRaAAAAiVk6_82G40fDgsrrW_lK1vYFiJrjSqVA8jqWxAR1-gjlW-5f-CZmBn9ChQimjGy4KE6EH4tQ-ul5hoToV7jWO2JIQ9glKDNIQnbMvMt2wr_Req6eHS-CradxRSESYe4uEhBlEvJbsYxyns0phSHB8vbVGhQZuVLJ41kIQmPwT0yNHXj2JAgkww
303,332,"St Benildus College, Kilmacud, Dublin 14",St. Benildus College,ChIJcWIRQRMJZ0gRmP2zhusokRU,B,39.9,94.1,809,0,15.8,01-2987836,CmRaAAAAWe6eH1uw-1jyuOIDPGmsO-tbC50MNYSa0-ZHUrCZGSyYVcu1MD-6bxRVrPIYLaEQTmQGHjPmgjQTHJVQw_z1i_DS2M6CAhpZMvzwi1v1eK22reAeJEzsBRbYBwbAf5MNEhBKzl6FwrtnDIJ6sDYOQvrmGhTNa3PYCz6NSUZFawWEuSaxUgcKlQ
296,354,"Colaiste Bhreanainn, Killarney, Co Kerry",St. Brendan’s College,ChIJk91_awc8RUgRJK9dvGcUY-Y,B,40.6,86.4,660,0,15.3,068-27216,CmRaAAAA61Vw4pyRLlkpAyMDd55yfoM3_8CEClNTC1cn8cyBnd7DluB3VwpUB_TjLXrpsEz5tkpRL_jC-caRZYHhInu_JnUZd6NulTITVpxbpf9v3Gd8h8uBa-mIrRGstLWTJDs_EhDGqMKUG1mWQ5Sy_iPw6vYsGhSZyGYtcCJZWEwAryCqz6kUVb-W3Q
55,91,"St Gerald’s College, Castlebar, Co Mayo",St. Gerald’s College Castlebar,ChIJiacn03hdWUgRpMFfErs_nE4,B,66,98,578,0,16.3,094-9021383,CmRaAAAAP87Y1yvD05kQ91DHzxwIZBU2uS9pFsVXkoHL4fRWwe00IakFDSD3bR3fo2kbuu_SPO_UCaOfTi5b6bV35FIc-h-CgaVKyAeas_v1KCHh76rBBk3v42j9ho3qMOPY3k0SEhA8tx-qyJPlAnpx7ymNfY6pGhRvv6dMAkDN-lf67TEoClI74PeYPA
341,371,"St Jarlath’s College, Tuam, Co Galway",St. Jarlath’s College,ChIJweZor7X2W0gRKlWKtMXL3dc,B,38.1,68.2,534,0,14.3,093-24342,CmRaAAAAUs3hsLBCaYYm9st-xAwUYka7SpLyGK1J5msZf-5GMznNyKG3pGT7iQUcv-udiYD7m4lZbK0mm1L-tbzuT6dIMl6uTXe2IdeFSlJ5biNvKIfW5g954F_77gSLapdbIz1AEhDDBR17GMqHAE9kbY1yxr1PGhThuxspqojGzrOqsPH_pMSs1b87cQ
139,172,"St Joseph’s CBS, Nenagh, Co Tipperary",St. Joseph’s CBS,ChIJMauinFyRXEgR6mIumy8H_tY,B,54.2,87.7,535,0,14,067-34789,
192,131,"St Joseph’s College, Thurles, Co Tipperary",St. Joseph’s College,ChIJU8Bbd7zBXEgRJK1mXhddItU,M,49.1,80.5,111,100,11.3,0504-51215,
360,,"St Kevin’s Community College, Dunlavin, Co Wicklow",St. Kevin’s Community College,ChIJ_Z7osEmGZ0gRZyXMtPf75y8,M,36.4,62.6,279,325,,045-406000,
372,,"St Mary’s CBS, Portlaoise, Co Laois",St. Mary’s CBS,ChIJCUhgZMsNXUgRdWhQgScnh3Q,B,35.6,62.4,840,0,16,057-8635041,
232,307,"St Mary’s High School, Midleton, Co Cork",St. Mary’s High School,ChIJjTtvNi1jQ0gRDsg_zVnxflU,G,45.5,75.7,0,640,14.9,021-4631973,CmRaAAAAAc4piVWi3PO5_d_GXlKlx6kR_UE-C43H7pR9xqQcV3qVSYdnLLFUzTKrgasaR4Y64FIWjH40KOrp71-ZZBiDMDaP7_Wf6LhziM4WcpB6s2PEZkpm5P-pAAC6kZUPhnxrEhCOboEkmMfbSjulR11PjKZ3GhSla5dEeML7TPWFqGLA-kH6bZ8XqQ
59,65,"St Mary’s Secondary School, Macroom, Co Cork",St. Mary’s Secondary School,ChIJPb9-6EHlREgRaiRT4Cfv8VM,G,65,97.9,0,284,13,026-41544,
170,166,"St Mary’s Secondary School, Ballina, Co Mayo",St. Mary’s Secondary School,ChIJ3aXPB483WUgRUg7e8bJHf6Q,G,51.1,83.8,0,509,12.7,096-70333,
352,395,"St Michael’s College, Listowel, Co Kerry",St. Michael’s College,ChIJFdvUcgPRWkgR4YEgDrZvwTo,B,37.2,80.8,246,0,14,068-21049,
348,291,"St Patrick’s Cathedral GS, St Patrick’s Close, Dublin 8",St. Patrick’s Cathedral Grammar School,ChIJhwYhMSEMZ0gRpW3MaWasXpw,M,37.5,73.8,100,72,10.4,01-4543388,CmRaAAAAVOoTgPDaHDk93lqrvz-rAl7MBEooT74GSrZNlX5ELd6oI99FJsnmcFhIgvVLS5XPnG6slS96fWXGYPFMkKGFwA4XSKgqdpQp9Yd117SvCCri5S-gEpzG2jsCIKh9DUPoEhByOamXW-WcwiagDs3UJO8LGhT3Zj-od10ixY9RndqeYF6UH_goNw
73,122,"St Peter’s College, Dunboyne, Co Meath",St. Peter’s College,ChIJ6xig1bptZ0gRmVO7lvyOLqY,M,62.9,92.1,585,587,,01-8252552,CmRaAAAAcvg9rQVz5JRJNTAhEmaFMgGjDNly9EdlMozFPGgZhA3GDeCnFl1aYeex_QWN4rsx5vwkUeSpHVweKwJYKuNd9vY-OnqmeP0loxF74uVFLg7DKZbziqC1WNEGAZLEcmxEEhBa0I3-RAFfxYKr-x8hpKWzGhSw-bibY_f6RqFvuziwf0q9TsqRaw
39,43,"St Angela’s College, St Patrick’s Hill, Cork",ST.Angelas College,ChIJL2qz3Q2QREgRd5ifr7-tOZs,G,68.9,92.3,0,550,15.1,021-4500059,CmRaAAAAa88YoYbB72YsAYPV_aOAjgiRKvXH6__Q6mR46AXu27DL-FsEjEWODYBrVP_QSTLoxIV-1z7VI3JyDzT4TpSOhsDHuXf-tgMOAhnAj6jv-DEUA1l5ecFz5nPNgRqP-nb8EhBs4FeFKJz48A-MUw9cfOZ2GhQiz4aY6-EXRAViMqadqwlXWy0kFg
48,57,"St Mary’s College, Rathmines, Dublin 6",st.marys collage,ChIJzZS7sB0MZ0gRnVtm8nw3UB8,B,67.5,100,443,0,18.3,01-4995700,
30,29,"St Michael’s College, Ailesbury Rd, Dublin 4",St.Michael’s College,ChIJA5XXN9IOZ0gR7HGnIVFQrI8,B,71.6,100,636,0,19.2,01-2189400,CmRaAAAAhkkwgvJZLdXOofGurJiV8rE-gtKQpUVkG2CApKtA95JEDbz32VIJ32Rx5po6LUhnE5pqVwwijLqjr2NoeekhaqfgsKAG4KPlc33FF0SqWkNZUQQv8ocWtx_c7knXA17PEhDA95dQXKTTdj9FDbqcaFmYGhRISr3fsrmnRqmQ-tanAGUIdf_m2A
147,78,"Stratford College, Rathgar, Dublin 6",Stratford College,ChIJTf7MoOGZXUgRwRXybUQwW0w,M,53.3,83.2,66,54,9,01-4922315,CmRaAAAAlDpVZTuVDyhkm3FPceI6awirxmeKrVzkKyf5iiqJ9AaZWN_Fk6r5z5Hydru2ANwJUuxUd18kQE0VgH8uvDm9R0hWi24WK_4oEzUb-btOpGMSd1GIKj278dI7Qf2tWfttEhBcfB2MTkPFgHlQ38dVi0YmGhRsndTfBdjS9qQ--ZS2J_mMZAIObg
250,299,"SummerhiN College, Sligo",Summerhill College,ChIJLX1yXCC3XkgRy_bryj6Eu_E,B,43.8,90.3,881,0,15,071-9160311,CmRaAAAA6wpjC-wbE8hSwUyChU_IQWEz_kTIztJ8RSvhO4dfBDIEExZ_XGRHadDa_JUvd2XEuvV5jTtspk0HCVfEMLDvx1Gq2fQChFpmOVj2oVD5eiDUWou6Q1O5LQhKa7yFpoEXEhD46YHJLu_WnAzUuR9LLcrqGhRdfW3o77vFehod2zdye09aPuOYQg
188,225,"Sutton Park School, Sutton, Dublin 13 (B)",Sutton Park School,ChIJBZdeX-UEZ0gRunCr2gJIye4,M,49.6,73.9,172,145,18,01-8322940,
196,196,"Tarbert Comprehensive School, Listowel, Co Kerry",Tarbert Comprehensive School,ChIJQxON-bjYWkgRngHT8w2w2BU,M,48.8,79.6,268,285,12.3,068-36105,
273,221,"Templeogue College, Templeville Rd, Dublin 6W",Templeogue College,ChIJTf7MoOGZXUgRBYTgD0EubNs,B,42.1,97,687,0,14.5,01-4905788,
161,154,"Terenure College, Terenure, Dublin 6W",Terenure College,ChIJE0L8A_ULZ0gRJjWBqEZZ6KQ,B,51.9,97.8,690,0,18.7,01-4904621,CmRaAAAARrGtc6t6azujccZfckR9ZAJwB-SoAKnI5akxgjmbUZQh-lMcqxv1xj0AiGtebRw3mo-K5_gebCnkuGHABKY6X3fhudfRZssJCNg-Q1aOfgYYtjne63KnYzKIYeTWCD-lEhB3Doa72aQQZ8LdxVA2ABv5GhQBqtj7l2fDjGdJoLdHFmJKpxo2xw
67,58,"The High School, Rathgar, Dublin 6",The High School,ChIJO0CsCvoLZ0gRSa1JGt_S_So,M,63.6,99.7,408,283,16.7,01-4922611,CmRaAAAAsjDzbNaANgRD9t00QCUuTk6OoB6D4XUuZ2UViPT7IludA0vdNcwp2MueDWnNw2aZdfAl7S5YAcCofakAvI1yIVFvxoRPPKK5oK-NrrwOGiUdcyXQMlwntF7_MLy7vmKyEhDA2oMS9vh0B9pb-FyUo2YzGhTbrZSJVbPAetWJO62HfeZZ-pMp5w
87,106,"The King’s Hospital, Palmerstown, Dublin 20 (B)",The King’s Hospital School,ChIJM4yv4NJyZ0gR38vZ__nPLsg,M,61.3,80.6,397,322,17.9,01-6436564,CmRaAAAAe_Fokm5n-UjeZd8rLYA3bb8Xsys8RfmJRivGNZ2_ppGBzSKceZUyYAQQx_YQFR3YctEk0dD5B60lbIvUtlNocqlgPaUpy8DX7NgX9dWinupRfW0x5ImdDOg8DDJ0Qx0zEhCSWSXQC81GK8Nlrc5PaQSzGhROCxvpd4vQWs_VFIeQ8euBqWc2Ww
4,6,"The Teresian School, Donnybrook, Dublin 4",The Teresian Junior School,ChIJHfzGRcsOZ0gRkww9E1MKUTc,G,85.9,97.2,0,205,18.4,01-2691376,CmRaAAAANAlMQHl8dng_6iiHg6WvMtP_bRljvdPKhzRkDv36usEQMpYwJPszBudnEq42SYH8N2vOwffRFBanZj6ZgKEFXKR483hkkUksR8po7_9DUNLvPyoHCqQy62GlQq-Rp33VEhD4KfWfuMQ4sYqmp8votyFRGhTcxvXQsO5ZuEUvHIl9n2hZG0ZKKg
85,80,"Gaelcholaiste Chiarrai, Tralee, Co Kerry",Tralee,ChIJ6WJcGmQ1RUgRfzYwl2PgcWw,M,61.5,94.4,176,183,,066-7121650,CmRaAAAAG-QgqS-tGxzsexHu2KdVsHI_ohkqJYwG6uRh-znLrgS5SUY0ixu4Jv4a3X6BVoAzSscCC3tVZ3uJrKoUm7D3bx1F33qUEOAMSr1qV_Y8ZnvICOOkPB_C_WIMyCCqjdgSEhAGBIcNlcBYrGLjK3gEYf3lGhTp1dmbi4YnZfDX7KG7FqaTunr0_Q
183,112,"Ursuline College, Sligo",Ursuline Convent,ChIJqRrrpi_oXkgRbnMkjEc7SRA,G,49.9,91.2,0,723,15.1,071-9161653,CmRaAAAAt4e7h2vpLwS3ysHI4uYQOzC0VoU-gXT5HhQkDEDMYPmEJ5kIsA8jmIHVPhrTdjttZr101merukwqCyqBFoiXDd3IbMA9_ATUoSG89ddcKJVA1aHSJtPnW4cKYQ8sl8s7EhCvsEYDcRaCuINQl6GjbwpXGhSrAgw9GqB70W7pD2zkGMnyElMCaw
121,132,"Ursuline Secondary School, Blackrock, Cork",Ursuline Girls Secondary School,ChIJPW1Ddc6aREgRUkzMekpR5s0,G,56.3,77,0,219,10,021-4358012,
25,52,"Ursuline Secondary School, Thurles, Co Tipperary (B)",Ursuline Secondary School,ChIJc6EGocDEXEgRCm4WG4WGPq0,G,74.5,95.8,0,774,16.1,0504-22147,
70,101,"Villiers Secondary School, Nth Circular Rd, Limerick (B)",Villiers Secondary School,ChIJ51Dcp41cW0gRslpvo9abeMo,M,63.3,93,254,333,14.9,061-451447,CmRaAAAAx4SVx_vSvyJB5AFZL6h5r5tIgqn9VLk0c2Bnbl3BY-KRVmXmOHFbWPOlRnaCBstMUmO9jO_b_QW1UUCaIhbAw7EL2RH3TnRWP5Vc7sztkJbaikHlk2IxnzeEtcqGXwWVEhArcqXk4gXfdavnAF4ZESElGhRMS71AfONFAk_5cOaCObeeWKcmzA
371,,"Virginia College, Virginia, Co Cavan",Virginia College,ChIJRdmUb9P9XUgRI5j2NoP5fNU,M,35.7,64.8,379,258,,049-8547050,CmRaAAAAcq-ExMrowt4a0-GhsiTp0kRbM4shombDZVGE2hYpWQkwJ88eIY0s3HLRCoTRwKg4RpsBtNHdi5yGDU2KRSCK48tv6mY5EvUuEMgLDaLcDYxoIHwINlxTa_8iw2ThZSqXEhADl42K-hrpdEI5G3nkygPzGhQW8kv37HpRHzGzQ2vJZLAq5HQEVA
96,68,"Wesley College, Ballinteer, Dublin 16 (B)",Wesley College,ChIJL0kIRnsJZ0gRNN_Bt-RgjUA,M,60.3,94.3,498,432,18.7,01-2987066,
297,279,"Wilson’s Hospital School, Multyfarnham, Co Westmeath (B)",Wilson’s Hospital School,ChIJsZ2k0TTCXUgRkV5ZXpY3YDk,M,40.5,67.4,188,200,13.9,044-9371115,CmRaAAAAGBjjPATxpPx1D-rsQDDp4ocYJGU2L5y62Xn5dTRKuNvtunE-RtMd9uJf67WzTLca-XHXZ_auNr3jlnismmdKdCjBakti53FEhYcDeyPhxIxTf0dqBRP5V51HBI8Fi9Y6EhBCxzqqnMH-i-sDpwcZvK4pGhSWTrIl0yO14lSbZyxP9f-YnO4nvQ
77,103,"St Wolstan’s Community School, Celbridge, Co Kildare",Wolstan’s School,ChIJ23zHCPpwZ0gRadrkAS4ri2M,G,62.5,87.5,0,777,16.2,01-6288257,